continent_code,date,cases,deaths
AF,2020-03-09,98,1
AF,2020-03-10,107,2
AF,2020-03-11,120,2
AF,2020-03-12,167,5
AF,2020-03-13,185,6
AF,2020-03-14,270,7
AF,2020-03-15,360,8
AF,2020-03-16,447,10
AF,2020-03-17,528,14
AF,2020-03-18,621,16
AF,2020-03-19,833,21
AF,2020-03-20,1017,26
AF,2020-03-21,1252,37
AF,2020-03-22,1492,48
AF,2020-03-23,1909,57
AF,2020-03-24,2373,64
AF,2020-03-25,2913,73
AF,2020-03-26,3489,91
AF,2020-03-27,4072,116
AF,2020-03-28,4471,134
AF,2020-03-29,5037,154
AF,2020-03-30,5542,175
AF,2020-03-31,6122,201
AF,2020-04-01,6751,237
AF,2020-04-02,7442,288
AF,2020-04-03,8368,336
AF,2020-04-04,9050,385
AF,2020-04-05,9777,446
AF,2020-04-06,10500,489
AF,2020-04-07,11176,535
AF,2020-04-08,11953,576
AF,2020-04-09,12791,630
AF,2020-04-10,13515,697
AF,2020-04-11,14204,745
AF,2020-04-12,15066,791
AF,2020-04-13,15928,838
AF,2020-04-14,16851,876
AF,2020-04-15,17811,913
AF,2020-04-16,18977,968
AF,2020-04-17,20404,1020
AF,2020-04-18,21725,1062
AF,2020-04-19,22950,1125
AF,2020-04-20,24155,1164
AF,2020-04-21,25354,1196
AF,2020-04-22,26637,1244
AF,2020-04-23,28060,1293
AF,2020-04-24,29809,1328
AF,2020-04-25,31086,1379
AF,2020-04-26,32641,1426
AF,2020-04-27,33823,1464
AF,2020-04-28,35662,1527
AF,2020-04-29,37647,1591
AF,2020-04-30,39697,1638
AF,2020-05-01,41430,1691
AF,2020-05-02,43648,1762
AF,2020-05-03,45253,1800
AF,2020-05-04,47788,1842
AF,2020-05-05,50150,1917
AF,2020-05-06,52325,2015
AF,2020-05-07,55247,2080
AF,2020-05-08,58947,2160
AF,2020-05-09,61967,2232
AF,2020-05-10,64724,2301
AF,2020-05-11,67762,2355
AF,2020-05-12,70924,2406
AF,2020-05-13,73816,2507
AF,2020-05-14,76986,2578
AF,2020-05-15,79584,2621
AF,2020-05-16,82200,2672
AF,2020-05-17,84813,2726
AF,2020-05-18,87429,2777
AF,2020-05-19,93212,2924
AF,2020-05-20,96973,3010
AF,2020-05-21,101665,3115
AF,2020-05-22,105824,3204
AF,2020-05-23,109450,3267
AF,2020-05-24,113632,3356
AF,2020-05-25,117779,3495
AF,2020-05-26,121526,3613
AF,2020-05-27,126616,3710
AF,2020-05-28,131565,3814
AF,2020-05-29,137521,3945
AF,2020-05-30,143746,4092
AF,2020-05-31,148751,4245
AF,2020-06-01,154882,4369
AF,2020-06-02,159676,4511
AF,2020-06-03,164960,4627
AF,2020-06-04,172143,4783
AF,2020-06-05,179284,4942
AF,2020-06-06,185967,5082
AF,2020-06-07,192089,5215
AF,2020-06-08,198969,5390
AF,2020-06-09,205489,5568
AF,2020-06-10,211978,5717
AF,2020-06-11,219235,5868
AF,2020-06-12,227578,6080
AF,2020-06-13,235672,6283
AF,2020-06-14,244510,6488
AF,2020-06-15,254182,6793
AF,2020-06-16,261547,7026
AF,2020-06-17,270587,7248
AF,2020-06-18,278638,7450
AF,2020-06-19,288757,7713
AF,2020-06-20,299771,7941
AF,2020-06-21,309098,8148
AF,2020-06-22,318258,8371
AF,2020-06-23,327392,8653
AF,2020-06-24,338659,8888
AF,2020-06-25,350392,9103
AF,2020-06-26,362495,9317
AF,2020-06-27,374460,9519
AF,2020-06-28,384986,9698
AF,2020-06-29,396036,9912
AF,2020-06-30,407718,10184
AF,2020-07-01,420727,10438
AF,2020-07-02,434149,10662
AF,2020-07-03,449054,10920
AF,2020-07-04,465722,11117
AF,2020-07-05,479342,11395
AF,2020-07-06,493154,11647
AF,2020-07-07,510578,12015
AF,2020-07-08,525213,12269
AF,2020-07-09,544333,12495
AF,2020-07-10,561689,12802
AF,2020-07-11,580927,13028
AF,2020-07-12,597451,13284
AF,2020-07-13,613551,13503
AF,2020-07-14,628021,13801
AF,2020-07-15,645846,14024
AF,2020-07-16,666147,14397
AF,2020-07-17,685811,14712
AF,2020-07-18,704866,14994
AF,2020-07-19,723455,15207
AF,2020-07-20,738663,15461
AF,2020-07-21,752177,15763
AF,2020-07-22,771999,16471
AF,2020-07-23,790446,16749
AF,2020-07-24,811789,17123
AF,2020-07-25,830680,17556
AF,2020-07-26,847812,17797
AF,2020-07-27,861813,18203
AF,2020-07-28,875676,18532
AF,2020-07-29,892376,18891
AF,2020-07-30,910353,19355
AF,2020-07-31,929635,19716
AF,2020-08-01,944880,20001
AF,2020-08-02,959094,20339
AF,2020-08-03,969655,20649
AF,2020-08-04,979125,21128
AF,2020-08-05,994811,21668
AF,2020-08-06,1008811,22091
AF,2020-08-07,1022462,22536
AF,2020-08-08,1036723,22945
AF,2020-08-09,1048866,23299
AF,2020-08-10,1057347,23619
AF,2020-08-11,1065491,23886
AF,2020-08-12,1074568,24300
AF,2020-08-13,1084794,24697
AF,2020-08-14,1097339,25108
AF,2020-08-15,1108825,25342
AF,2020-08-16,1118554,25635
AF,2020-08-17,1127350,25902
AF,2020-08-18,1135822,26313
AF,2020-08-19,1146635,26641
AF,2020-08-20,1157236,26977
AF,2020-08-21,1167161,27325
AF,2020-08-22,1177328,27595
AF,2020-08-23,1186560,27779
AF,2020-08-24,1193921,27995
AF,2020-08-25,1201463,28277
AF,2020-08-26,1210127,28597
AF,2020-08-27,1218535,28850
AF,2020-08-28,1226457,29076
AF,2020-08-29,1234796,29403
AF,2020-08-30,1243010,29561
AF,2020-08-31,1249765,29787
AF,2020-09-01,1256563,30023
AF,2020-09-02,1264720,30264
AF,2020-09-03,1273067,30581
AF,2020-09-04,1281394,30815
AF,2020-09-05,1288542,31038
AF,2020-09-06,1296300,31268
AF,2020-09-07,1303357,31483
AF,2020-09-08,1310677,31696
AF,2020-09-09,1319155,31900
AF,2020-09-10,1327151,32082
AF,2020-09-11,1335620,32310
AF,2020-09-12,1343089,32458
AF,2020-09-13,1349847,32577
AF,2020-09-14,1356212,32741
AF,2020-09-15,1362635,33010
AF,2020-09-16,1370134,33197
AF,2020-09-17,1378722,33376
AF,2020-09-18,1386976,33569
AF,2020-09-19,1395681,33768
AF,2020-09-20,1403005,33896
AF,2020-09-21,1409706,34020
AF,2020-09-22,1416997,34262
AF,2020-09-23,1425768,34470
AF,2020-09-24,1433851,34639
AF,2020-09-25,1440719,34777
AF,2020-09-26,1448154,34956
AF,2020-09-27,1456520,35095
AF,2020-09-28,1462254,35389
AF,2020-09-29,1469794,35608
AF,2020-09-30,1478445,35801
AF,2020-10-01,1485572,36016
AF,2020-10-02,1494496,36165
AF,2020-10-03,1503206,36276
AF,2020-10-04,1511302,36446
AF,2020-10-05,1516251,36572
AF,2020-10-06,1522812,36760
AF,2020-10-07,1533395,37028
AF,2020-10-08,1543917,37328
AF,2020-10-09,1552912,37562
AF,2020-10-10,1566375,37830
AF,2020-10-11,1575331,38040
AF,2020-10-12,1581253,38232
AF,2020-10-13,1589152,38502
AF,2020-10-14,1600650,38765
AF,2020-10-15,1609588,39020
AF,2020-10-16,1619086,39226
AF,2020-10-17,1634600,39491
AF,2020-10-18,1642791,39676
AF,2020-10-19,1652729,39860
AF,2020-10-20,1662277,40153
AF,2020-10-21,1672975,40411
AF,2020-10-22,1683954,40627
AF,2020-10-23,1694474,40852
AF,2020-10-24,1706114,41074
AF,2020-10-25,1715237,41191
AF,2020-10-26,1726200,41539
AF,2020-10-27,1734790,41721
AF,2020-10-28,1746680,42069
AF,2020-10-29,1757663,42269
AF,2020-10-30,1771493,42565
AF,2020-10-31,1782562,42789
AF,2020-11-01,1792832,43111
AF,2020-11-02,1800615,43327
AF,2020-11-03,1809957,43531
AF,2020-11-04,1825821,43879
AF,2020-11-05,1841078,44183
AF,2020-11-06,1852905,44407
AF,2020-11-07,1867864,44784
AF,2020-11-08,1880404,45300
AF,2020-11-09,1889855,45550
AF,2020-11-10,1902816,45891
AF,2020-11-11,1916817,46223
AF,2020-11-12,1933024,46491
AF,2020-11-13,1947656,46767
AF,2020-11-14,1961582,47002
AF,2020-11-15,1974200,47300
AF,2020-11-16,1984530,47581
AF,2020-11-17,1997619,47972
AF,2020-11-18,2012959,48369
AF,2020-11-19,2026104,48641
AF,2020-11-20,2042477,49053
AF,2020-11-21,2056041,49367
AF,2020-11-22,2068843,49657
AF,2020-11-23,2078912,49927
AF,2020-11-24,2091564,50272
AF,2020-11-25,2106332,50591
AF,2020-11-26,2120090,50886
AF,2020-11-27,2133529,51186
AF,2020-11-28,2149525,51439
AF,2020-11-29,2162216,51662
AF,2020-11-30,2172606,51927
AF,2020-12-01,2182333,52164
AF,2020-12-02,2199503,52505
AF,2020-12-03,2213866,52774
AF,2020-12-04,2233188,53214
AF,2020-12-05,2248092,53493
AF,2020-12-06,2261405,53809
AF,2020-12-07,2270522,54026
AF,2020-12-08,2284832,54457
AF,2020-12-09,2304226,54803
AF,2020-12-10,2323511,55198
AF,2020-12-11,2342135,55575
AF,2020-12-12,2360536,55922
AF,2020-12-13,2376525,56268
AF,2020-12-14,2387293,56574
AF,2020-12-15,2405332,56987
AF,2020-12-16,2426264,57347
AF,2020-12-17,2446372,57745
AF,2020-12-18,2465189,58235
AF,2020-12-19,2486522,58684
AF,2020-12-20,2504706,59018
AF,2020-12-21,2520111,59444
AF,2020-12-22,2539835,59969
AF,2020-12-23,2564941,60588
AF,2020-12-24,2590874,61338
AF,2020-12-25,2615528,61812
AF,2020-12-26,2636395,62233
AF,2020-12-27,2656010,62711
AF,2020-12-28,2670055,63233
AF,2020-12-29,2689594,63948
AF,2020-12-30,2718922,64668
AF,2020-12-31,2749065,65359
AF,2021-01-01,2775692,66014
AF,2021-01-02,2798654,66521
AF,2021-01-03,2820160,67129
AF,2021-01-04,2841451,67807
AF,2021-01-05,2867883,68621
AF,2021-01-06,2898961,68803
AF,2021-01-07,2937046,70392
AF,2021-01-08,2974313,71314
AF,2021-01-09,3007318,71945
AF,2021-01-10,3038704,72551
AF,2021-01-11,3065682,73215
AF,2021-01-12,3090591,74275
AF,2021-01-13,3125509,75439
AF,2021-01-14,3160339,76543
AF,2021-01-15,3192508,77457
AF,2021-01-16,3220528,78123
AF,2021-01-17,3245391,78624
AF,2021-01-18,3267339,79398
AF,2021-01-19,3293045,80639
AF,2021-01-20,3321305,81559
AF,2021-01-21,3346096,82497
AF,2021-01-22,3375093,83498
AF,2021-01-23,3400622,84291
AF,2021-01-24,3420533,84950
AF,2021-01-25,3438067,85644
AF,2021-01-26,3456301,86730
AF,2021-01-27,3477677,87759
AF,2021-01-28,3496845,88740
AF,2021-01-29,3517549,89593
AF,2021-01-30,3534285,90142
AF,2021-01-31,3550559,90701
AF,2021-02-01,3561879,91184
AF,2021-02-02,3579862,92112
AF,2021-02-03,3594625,92809
AF,2021-02-04,3612375,93387
AF,2021-02-05,3627428,93919
AF,2021-02-06,3641254,94466
AF,2021-02-07,3653309,94827
AF,2021-02-08,3665339,95261
AF,2021-02-09,3677511,95972
AF,2021-02-10,3691570,96509
AF,2021-02-11,3703888,97003
AF,2021-02-12,3717694,97561
AF,2021-02-13,3727683,97897
AF,2021-02-14,3739561,98213
AF,2021-02-15,3748862,98678
AF,2021-02-16,3758836,99127
AF,2021-02-17,3772205,99550
AF,2021-02-18,3785308,100039
AF,2021-02-19,3797262,100448
AF,2021-02-20,3806128,100718
AF,2021-02-21,3817003,101067
AF,2021-02-22,3826315,101410
AF,2021-02-23,3834038,101873
AF,2021-02-24,3845422,102201
AF,2021-02-25,3855948,102536
AF,2021-02-26,3868389,102883
AF,2021-02-27,3876553,103223
AF,2021-02-28,3884921,103433
AF,2021-03-01,3892900,103589
AF,2021-03-02,3902413,104112
AF,2021-03-03,3913625,104355
AF,2021-03-04,3925693,104706
AF,2021-03-05,3934767,104960
AF,2021-03-06,3944976,105231
AF,2021-03-07,3952837,105452
AF,2021-03-08,3962293,105827
AF,2021-03-09,3970959,106126
AF,2021-03-10,3981392,106431
AF,2021-03-11,3995298,106736
AF,2021-03-12,4006252,106978
AF,2021-03-13,4016430,107271
AF,2021-03-14,4025069,107523
AF,2021-03-15,4033247,107823
AF,2021-03-16,4042249,108123
AF,2021-03-17,4053324,108400
AF,2021-03-18,4064395,108657
AF,2021-03-19,4076656,109203
AF,2021-03-20,4086171,109406
AF,2021-03-21,4096094,109651
AF,2021-03-22,4105344,109911
AF,2021-03-23,4115067,110245
AF,2021-03-24,4125648,110560
AF,2021-03-25,4138138,110948
AF,2021-03-26,4156325,111289
AF,2021-03-27,4165724,111479
AF,2021-03-28,4174326,111653
AF,2021-03-29,4183983,111969
AF,2021-03-30,4194926,112260
AF,2021-03-31,4207456,112513
AF,2021-04-01,4218120,112738
AF,2021-04-02,4242288,113160
AF,2021-04-03,4250952,113325
AF,2021-04-04,4260206,113592
AF,2021-04-05,4269361,113821
AF,2021-04-06,4279945,114068
AF,2021-04-07,4289839,114285
AF,2021-04-08,4308297,114671
AF,2021-04-09,4320961,114931
AF,2021-04-10,4330479,115147
AF,2021-04-11,4339814,115415
AF,2021-04-12,4350081,115689
AF,2021-04-13,4362152,116094
AF,2021-04-14,4375216,116456
AF,2021-04-15,4387767,116767
AF,2021-04-16,4399030,117066
AF,2021-04-17,4412720,117348
AF,2021-04-18,4421395,117581
AF,2021-04-19,4430029,117808
AF,2021-04-20,4441707,118304
AF,2021-04-21,4453729,118614
AF,2021-04-22,4466035,118922
AF,2021-04-23,4477850,119293
AF,2021-04-24,4487760,119528
AF,2021-04-25,4495781,119756
AF,2021-04-26,4502929,120052
AF,2021-04-27,4514303,120474
AF,2021-04-28,4523905,120814
AF,2021-04-29,4538344,121151
AF,2021-04-30,4548713,121452
AF,2021-05-01,4556349,121740
AF,2021-05-02,4562588,121973
AF,2021-05-03,4568255,122168
AF,2021-05-04,4576239,122498
AF,2021-05-05,4586194,122823
AF,2021-05-06,4598411,123203
AF,2021-05-07,4607930,123543
AF,2021-05-08,4616234,123812
AF,2021-05-09,4623366,124026
AF,2021-05-10,4630343,124273
AF,2021-05-11,4637131,124610
AF,2021-05-12,4646309,124933
AF,2021-05-13,4656540,125225
AF,2021-05-14,4665363,125483
AF,2021-05-15,4672134,125720
AF,2021-05-16,4678585,125925
AF,2021-05-17,4686809,126190
AF,2021-05-18,4697967,126504
AF,2021-05-19,4707693,126852
AF,2021-05-20,4719885,127223
AF,2021-05-21,4727768,127514
AF,2021-05-22,4738985,127776
AF,2021-05-23,4745408,127913
AF,2021-05-24,4753923,128202
AF,2021-05-25,4765800,128533
AF,2021-05-26,4775001,128776
AF,2021-05-27,4785148,129032
AF,2021-05-28,4798400,129354
AF,2021-05-29,4800194,129407
AS,2020-03-09,97065,3432
AS,2020-03-10,98211,3509
AS,2020-03-11,99961,3604
AS,2020-03-12,101344,3704
AS,2020-03-13,103110,3811
AS,2020-03-14,105044,3929
AS,2020-03-15,106949,4061
AS,2020-03-16,108743,4222
AS,2020-03-17,110695,4371
AS,2020-03-18,112579,4551
AS,2020-03-19,115015,4732
AS,2020-03-20,117151,4903
AS,2020-03-21,119556,5060
AS,2020-03-22,122053,5223
AS,2020-03-23,125134,5394
AS,2020-03-24,128856,5558
AS,2020-03-25,133003,5738
AS,2020-03-26,137270,5963
AS,2020-03-27,142262,6160
AS,2020-03-28,147904,6354
AS,2020-03-29,153441,6539
AS,2020-03-30,158832,6712
AS,2020-03-31,164916,6917
AS,2020-04-01,171525,7146
AS,2020-04-02,178150,7366
AS,2020-04-03,184008,7579
AS,2020-04-04,189944,7814
AS,2020-04-05,196832,8053
AS,2020-04-06,203631,8282
AS,2020-04-07,209220,8501
AS,2020-04-08,214673,8715
AS,2020-04-09,220935,8983
AS,2020-04-10,227535,9215
AS,2020-04-11,234274,9487
AS,2020-04-12,241158,9789
AS,2020-04-13,249191,10055
AS,2020-04-14,256000,10318
AS,2020-04-15,263230,10501
AS,2020-04-16,271172,10771
AS,2020-04-17,279637,12297
AS,2020-04-18,287812,12511
AS,2020-04-19,296849,12769
AS,2020-04-20,304677,12965
AS,2020-04-21,314289,13232
AS,2020-04-22,323175,13460
AS,2020-04-23,333068,13692
AS,2020-04-24,342959,13986
AS,2020-04-25,352642,14232
AS,2020-04-26,361927,14427
AS,2020-04-27,370792,14675
AS,2020-04-28,380034,14909
AS,2020-04-29,389580,15177
AS,2020-04-30,399845,15436
AS,2020-05-01,411232,15678
AS,2020-05-02,421169,15984
AS,2020-05-03,432451,16207
AS,2020-05-04,444979,16568
AS,2020-05-05,457526,16910
AS,2020-05-06,471321,17222
AS,2020-05-07,484783,17564
AS,2020-05-08,499260,17812
AS,2020-05-09,513769,18112
AS,2020-05-10,529962,18386
AS,2020-05-11,543866,18610
AS,2020-05-12,559936,18933
AS,2020-05-13,577688,19286
AS,2020-05-14,594242,19585
AS,2020-05-15,609045,19846
AS,2020-05-16,623865,20113
AS,2020-05-17,638689,20385
AS,2020-05-18,653509,20652
AS,2020-05-19,689445,21282
AS,2020-05-20,710853,21628
AS,2020-05-21,733670,21989
AS,2020-05-22,757536,22398
AS,2020-05-23,780647,22760
AS,2020-05-24,803591,23115
AS,2020-05-25,824595,23432
AS,2020-05-26,844156,23823
AS,2020-05-27,866358,24250
AS,2020-05-28,890287,24659
AS,2020-05-29,918314,25176
AS,2020-05-30,944418,25692
AS,2020-05-31,972855,26237
AS,2020-06-01,999026,26707
AS,2020-06-02,1028665,27246
AS,2020-06-03,1060208,27856
AS,2020-06-04,1092591,28428
AS,2020-06-05,1123783,29027
AS,2020-06-06,1157211,29698
AS,2020-06-07,1191117,30333
AS,2020-06-08,1221361,30928
AS,2020-06-09,1253522,31599
AS,2020-06-10,1289160,32335
AS,2020-06-11,1325313,33137
AS,2020-06-12,1363447,33959
AS,2020-06-13,1400995,34684
AS,2020-06-14,1438945,35441
AS,2020-06-15,1474288,36333
AS,2020-06-16,1510151,38818
AS,2020-06-17,1550466,39697
AS,2020-06-18,1591271,40573
AS,2020-06-19,1631072,41458
AS,2020-06-20,1673995,42364
AS,2020-06-21,1713139,43306
AS,2020-06-22,1751777,44074
AS,2020-06-23,1792321,45045
AS,2020-06-24,1834433,45956
AS,2020-06-25,1879423,46973
AS,2020-06-26,1923541,47874
AS,2020-06-27,1968761,48790
AS,2020-06-28,2014194,49689
AS,2020-06-29,2057771,50615
AS,2020-06-30,2101517,51773
AS,2020-07-01,2167284,52784
AS,2020-07-02,2217564,53722
AS,2020-07-03,2269993,54717
AS,2020-07-04,2322313,55855
AS,2020-07-05,2373693,56938
AS,2020-07-06,2423273,57976
AS,2020-07-07,2472364,59182
AS,2020-07-08,2526847,60234
AS,2020-07-09,2581327,61330
AS,2020-07-10,2637062,62404
AS,2020-07-11,2690805,63503
AS,2020-07-12,2744475,64761
AS,2020-07-13,2801048,66071
AS,2020-07-14,2855847,67216
AS,2020-07-15,2915026,68468
AS,2020-07-16,2977525,69761
AS,2020-07-17,3038022,71051
AS,2020-07-18,3112636,72954
AS,2020-07-19,3177687,74404
AS,2020-07-20,3238974,75613
AS,2020-07-21,3304532,77121
AS,2020-07-22,3376206,78923
AS,2020-07-23,3451793,80376
AS,2020-07-24,3526282,81774
AS,2020-07-25,3601467,83051
AS,2020-07-26,3674036,84354
AS,2020-07-27,3744241,85542
AS,2020-07-28,3819278,87076
AS,2020-07-29,3898170,88365
AS,2020-07-30,3980067,89721
AS,2020-07-31,4063828,91027
AS,2020-08-01,4142228,92367
AS,2020-08-02,4217073,93596
AS,2020-08-03,4289500,94932
AS,2020-08-04,4366655,96604
AS,2020-08-05,4449740,98070
AS,2020-08-06,4537037,99462
AS,2020-08-07,4624742,100876
AS,2020-08-08,4714869,102229
AS,2020-08-09,4798942,103756
AS,2020-08-10,4878864,105148
AS,2020-08-11,4963951,106699
AS,2020-08-12,5056847,108246
AS,2020-08-13,5146659,109723
AS,2020-08-14,5239667,111169
AS,2020-08-15,5329386,112706
AS,2020-08-16,5410463,114174
AS,2020-08-17,5487412,115527
AS,2020-08-18,5579620,117279
AS,2020-08-19,5674884,118881
AS,2020-08-20,5769245,120417
AS,2020-08-21,5863447,121403
AS,2020-08-22,5957815,122806
AS,2020-08-23,6040049,124121
AS,2020-08-24,6124218,125474
AS,2020-08-25,6214495,127144
AS,2020-08-26,6316354,128715
AS,2020-08-27,6417841,130342
AS,2020-08-28,6519599,131897
AS,2020-08-29,6621738,133349
AS,2020-08-30,6723863,134841
AS,2020-08-31,6816044,136112
AS,2020-09-01,6916826,137671
AS,2020-09-02,7024024,139190
AS,2020-09-03,7134337,140823
AS,2020-09-04,7247636,142358
AS,2020-09-05,7362650,143887
AS,2020-09-06,7477520,145446
AS,2020-09-07,7576074,147027
AS,2020-09-08,7692733,148623
AS,2020-09-09,7815559,150379
AS,2020-09-10,7941864,152172
AS,2020-09-11,8068064,153814
AS,2020-09-12,8191912,155533
AS,2020-09-13,8312128,157194
AS,2020-09-14,8424080,159021
AS,2020-09-15,8544114,160840
AS,2020-09-16,8674618,162638
AS,2020-09-17,8801765,164401
AS,2020-09-18,8924454,166172
AS,2020-09-19,9047181,167943
AS,2020-09-20,9165204,169667
AS,2020-09-21,9268099,171268
AS,2020-09-22,9376654,172920
AS,2020-09-23,9505161,174729
AS,2020-09-24,9626183,176456
AS,2020-09-25,9744655,178171
AS,2020-09-26,9868278,179898
AS,2020-09-27,9981458,181525
AS,2020-09-28,10078755,182891
AS,2020-09-29,10189841,184730
AS,2020-09-30,10313498,186566
AS,2020-10-01,10431702,188275
AS,2020-10-02,10545901,189953
AS,2020-10-03,10654484,191472
AS,2020-10-04,10761512,193063
AS,2020-10-05,10855337,194628
AS,2020-10-06,10962129,196272
AS,2020-10-07,11077749,197951
AS,2020-10-08,11184940,199723
AS,2020-10-09,11289752,201270
AS,2020-10-10,11397170,202850
AS,2020-10-11,11494775,204395
AS,2020-10-12,11582714,205758
AS,2020-10-13,11681198,207148
AS,2020-10-14,11783828,208653
AS,2020-10-15,11881166,210194
AS,2020-10-16,11983008,211721
AS,2020-10-17,12078662,213466
AS,2020-10-18,12167096,214721
AS,2020-10-19,12247396,216119
AS,2020-10-20,12337104,217553
AS,2020-10-21,12433349,219086
AS,2020-10-22,12528318,220530
AS,2020-10-23,12623894,222035
AS,2020-10-24,12710913,223388
AS,2020-10-25,12794162,224590
AS,2020-10-26,12865169,225940
AS,2020-10-27,12946638,227252
AS,2020-10-28,13037157,228657
AS,2020-10-29,13128448,230041
AS,2020-10-30,13217937,231364
AS,2020-10-31,13302688,232682
AS,2020-11-01,13388929,234041
AS,2020-11-02,13469483,235448
AS,2020-11-03,13558661,236909
AS,2020-11-04,13653802,238560
AS,2020-11-05,13748565,240134
AS,2020-11-06,13846621,241648
AS,2020-11-07,13938968,243053
AS,2020-11-08,14031294,244469
AS,2020-11-09,14113875,245896
AS,2020-11-10,14206647,247352
AS,2020-11-11,14305123,248937
AS,2020-11-12,14399863,250414
AS,2020-11-13,14496763,251955
AS,2020-11-14,14588261,253370
AS,2020-11-15,14666784,254746
AS,2020-11-16,14743862,256113
AS,2020-11-17,14833590,257605
AS,2020-11-18,14935031,259269
AS,2020-11-19,15037261,260912
AS,2020-11-20,15140687,262740
AS,2020-11-21,15239191,264227
AS,2020-11-22,15338701,265834
AS,2020-11-23,15429668,267325
AS,2020-11-24,15529512,268874
AS,2020-11-25,15630949,270473
AS,2020-11-26,15732126,272092
AS,2020-11-27,15833004,273546
AS,2020-11-28,15930504,275072
AS,2020-11-29,16029424,276610
AS,2020-11-30,16114088,278014
AS,2020-12-01,16203010,279473
AS,2020-12-02,16299807,281021
AS,2020-12-03,16393040,282446
AS,2020-12-04,16493971,284002
AS,2020-12-05,16586561,285432
AS,2020-12-06,16674473,286717
AS,2020-12-07,16753606,287997
AS,2020-12-08,16838952,289441
AS,2020-12-09,16918683,290690
AS,2020-12-10,17009300,292130
AS,2020-12-11,17090225,293346
AS,2020-12-12,17169151,294577
AS,2020-12-13,17247739,295818
AS,2020-12-14,17313010,296989
AS,2020-12-15,17387610,298300
AS,2020-12-16,17461754,299592
AS,2020-12-17,17536217,300781
AS,2020-12-18,17612542,301889
AS,2020-12-19,17687340,303057
AS,2020-12-20,17756307,304316
AS,2020-12-21,17817043,305422
AS,2020-12-22,17886525,306631
AS,2020-12-23,17955664,307792
AS,2020-12-24,18027142,308966
AS,2020-12-25,18095576,310044
AS,2020-12-26,18156214,311030
AS,2020-12-27,18215075,312135
AS,2020-12-28,18269930,313123
AS,2020-12-29,18335197,314265
AS,2020-12-30,18403363,315479
AS,2020-12-31,18473257,316473
AS,2021-01-01,18535378,317319
AS,2021-01-02,18599596,318371
AS,2021-01-03,18657232,319234
AS,2021-01-04,18718337,320084
AS,2021-01-05,18786387,321115
AS,2021-01-06,18858208,321998
AS,2021-01-07,18932880,322937
AS,2021-01-08,19007672,323896
AS,2021-01-09,19084400,324872
AS,2021-01-10,19154472,325650
AS,2021-01-11,19219352,326468
AS,2021-01-12,19291469,327627
AS,2021-01-13,19368660,328818
AS,2021-01-14,19445425,329829
AS,2021-01-15,19517744,330838
AS,2021-01-16,19596383,331821
AS,2021-01-17,19664137,332609
AS,2021-01-18,19727240,333538
AS,2021-01-19,19795587,334539
AS,2021-01-20,19870763,335595
AS,2021-01-21,19940371,336737
AS,2021-01-22,20011453,337637
AS,2021-01-23,20079554,338561
AS,2021-01-24,20141451,339406
AS,2021-01-25,20201673,340351
AS,2021-01-26,20267819,341362
AS,2021-01-27,20336545,342622
AS,2021-01-28,20411915,344114
AS,2021-01-29,20474852,344568
AS,2021-01-30,20549720,345513
AS,2021-01-31,20607024,346769
AS,2021-02-01,20671793,347587
AS,2021-02-02,20732984,348562
AS,2021-02-03,20799397,349440
AS,2021-02-04,20866774,350360
AS,2021-02-05,20928399,351203
AS,2021-02-06,20989557,352014
AS,2021-02-07,21047149,352757
AS,2021-02-08,21101701,353542
AS,2021-02-09,21160496,354348
AS,2021-02-10,21220402,355175
AS,2021-02-11,21279730,356015
AS,2021-02-12,21339473,356810
AS,2021-02-13,21394916,357596
AS,2021-02-14,21447513,358273
AS,2021-02-15,21500291,358874
AS,2021-02-16,21560704,359629
AS,2021-02-17,21621993,360407
AS,2021-02-18,21680854,361219
AS,2021-02-19,21741733,362069
AS,2021-02-20,21796672,362888
AS,2021-02-21,21857815,363571
AS,2021-02-22,21918186,364230
AS,2021-02-23,21981964,365089
AS,2021-02-24,22049270,366501
AS,2021-02-25,22115447,367402
AS,2021-02-26,22181267,368271
AS,2021-02-27,22242782,369043
AS,2021-02-28,22302913,369751
AS,2021-03-01,22361291,370362
AS,2021-03-02,22426999,371146
AS,2021-03-03,22495846,371902
AS,2021-03-04,22566010,372654
AS,2021-03-05,22634834,373815
AS,2021-03-06,22702050,374474
AS,2021-03-07,22769100,375134
AS,2021-03-08,22835729,375917
AS,2021-03-09,22903833,376684
AS,2021-03-10,22978785,377418
AS,2021-03-11,23054377,378167
AS,2021-03-12,23136624,379024
AS,2021-03-13,23210084,379794
AS,2021-03-14,23288344,380505
AS,2021-03-15,23367321,381265
AS,2021-03-16,23452519,382141
AS,2021-03-17,23547109,382974
AS,2021-03-18,23648282,383896
AS,2021-03-19,23748502,384754
AS,2021-03-20,23848010,385571
AS,2021-03-21,23953583,386406
AS,2021-03-22,24053231,387274
AS,2021-03-23,24160725,388245
AS,2021-03-24,24276530,389217
AS,2021-03-25,24402614,390183
AS,2021-03-26,24529721,391142
AS,2021-03-27,24652349,392201
AS,2021-03-28,24786789,393140
AS,2021-03-29,24908483,394096
AS,2021-03-30,25030968,395240
AS,2021-03-31,25173762,396522
AS,2021-04-01,25331142,397831
AS,2021-04-02,25500220,399271
AS,2021-04-03,25663897,400617
AS,2021-04-04,25848033,402152
AS,2021-04-05,26016375,403389
AS,2021-04-06,26212320,405283
AS,2021-04-07,26417917,407010
AS,2021-04-08,26646961,408818
AS,2021-04-09,26884090,410814
AS,2021-04-10,27120440,412684
AS,2021-04-11,27379184,414701
AS,2021-04-12,27628052,416705
AS,2021-04-13,27901172,418856
AS,2021-04-14,28191497,421081
AS,2021-04-15,28501967,423511
AS,2021-04-16,28827751,426014
AS,2021-04-17,29172486,428651
AS,2021-04-18,29535903,431636
AS,2021-04-19,29880568,434585
AS,2021-04-20,30266116,437939
AS,2021-04-21,30676868,441429
AS,2021-04-22,31104756,445014
AS,2021-04-23,31540031,448942
AS,2021-04-24,31973893,453022
AS,2021-04-25,32412105,457145
AS,2021-04-26,32816661,461240
AS,2021-04-27,33263623,465833
AS,2021-04-28,33731186,470895
AS,2021-04-29,34206159,475781
AS,2021-04-30,34694426,480615
AS,2021-05-01,35164033,485457
AS,2021-05-02,35617161,490090
AS,2021-05-03,36053103,494701
AS,2021-05-04,36515805,499800
AS,2021-05-05,37009789,505143
AS,2021-05-06,37507059,510325
AS,2021-05-07,37991646,515746
AS,2021-05-08,38477246,521184
AS,2021-05-09,38919720,526386
AS,2021-05-10,39329404,531549
AS,2021-05-11,39756386,537149
AS,2021-05-12,40192205,542626
AS,2021-05-13,40607488,547782
AS,2021-05-14,41002999,552922
AS,2021-05-15,41373636,558165
AS,2021-05-16,41719597,563461
AS,2021-05-17,42060627,569067
AS,2021-05-18,42397571,574997
AS,2021-05-19,42749267,580443
AS,2021-05-20,43088577,585953
AS,2021-05-21,43420836,591323
AS,2021-05-22,43737412,596283
AS,2021-05-23,44028220,601787
AS,2021-05-24,44295102,606063
AS,2021-05-25,44577963,611401
AS,2021-05-26,44860679,616388
AS,2021-05-27,45113744,621073
AS,2021-05-28,45363896,625891
AS,2021-05-29,45457853,627597
EU,2020-03-09,15462,538
EU,2020-03-10,18560,716
EU,2020-03-11,23551,959
EU,2020-03-12,30057,1207
EU,2020-03-13,38295,1536
EU,2020-03-14,46555,1812
EU,2020-03-15,56330,2344
EU,2020-03-16,66040,2815
EU,2020-03-17,77413,3440
EU,2020-03-18,84200,3563
EU,2020-03-19,110435,5019
EU,2020-03-20,131409,6126
EU,2020-03-21,152575,7516
EU,2020-03-22,170644,8819
EU,2020-03-23,196659,10368
EU,2020-03-24,222799,12318
EU,2020-03-25,250847,14233
EU,2020-03-26,287009,16471
EU,2020-03-27,324669,19060
EU,2020-03-28,362785,21770
EU,2020-03-29,394008,24327
EU,2020-03-30,426473,27200
EU,2020-03-31,464306,30472
EU,2020-04-01,503142,33930
EU,2020-04-02,540929,38449
EU,2020-04-03,580885,42678
EU,2020-04-04,638617,46681
EU,2020-04-05,672533,49786
EU,2020-04-06,704055,53279
EU,2020-04-07,744187,58122
EU,2020-04-08,782762,62070
EU,2020-04-09,820773,66718
EU,2020-04-10,866740,71091
EU,2020-04-11,904659,74717
EU,2020-04-12,937635,77957
EU,2020-04-13,967999,81276
EU,2020-04-14,1001959,85107
EU,2020-04-15,1036630,89718
EU,2020-04-16,1089234,93848
EU,2020-04-17,1107290,97977
EU,2020-04-18,1141659,101682
EU,2020-04-19,1174516,103776
EU,2020-04-20,1203588,106607
EU,2020-04-21,1235096,110141
EU,2020-04-22,1266460,113550
EU,2020-04-23,1294545,116721
EU,2020-04-24,1329703,119890
EU,2020-04-25,1359650,122785
EU,2020-04-26,1386413,124655
EU,2020-04-27,1412633,126797
EU,2020-04-28,1436829,129378
EU,2020-04-29,1464090,135924
EU,2020-04-30,1493111,138369
EU,2020-05-01,1520917,140626
EU,2020-05-02,1548196,142705
EU,2020-05-03,1573004,143959
EU,2020-05-04,1597006,145563
EU,2020-05-05,1622919,147582
EU,2020-05-06,1656083,150175
EU,2020-05-07,1686876,152062
EU,2020-05-08,1716280,154162
EU,2020-05-09,1742408,155463
EU,2020-05-10,1766688,156485
EU,2020-05-11,1792237,157726
EU,2020-05-12,1816670,159614
EU,2020-05-13,1838888,161282
EU,2020-05-14,1862873,163032
EU,2020-05-15,1879800,163958
EU,2020-05-16,1896737,164900
EU,2020-05-17,1913676,165845
EU,2020-05-18,1930613,166787
EU,2020-05-19,1966498,168729
EU,2020-05-20,1982696,169975
EU,2020-05-21,2001312,171009
EU,2020-05-22,2022108,172650
EU,2020-05-23,2041028,173538
EU,2020-05-24,2058018,174139
EU,2020-05-25,2073432,172839
EU,2020-05-26,2092284,173953
EU,2020-05-27,2109320,175017
EU,2020-05-28,2130318,175984
EU,2020-05-29,2148451,176975
EU,2020-05-30,2166769,177750
EU,2020-05-31,2183163,178221
EU,2020-06-01,2198477,179172
EU,2020-06-02,2214039,180096
EU,2020-06-03,2194102,181009
EU,2020-06-04,2211999,181672
EU,2020-06-05,2229900,182561
EU,2020-06-06,2247387,183206
EU,2020-06-07,2263893,183589
EU,2020-06-08,2279735,184025
EU,2020-06-09,2296244,184865
EU,2020-06-10,2312209,185639
EU,2020-06-11,2329604,186173
EU,2020-06-12,2348231,186797
EU,2020-06-13,2366234,187324
EU,2020-06-14,2383522,187627
EU,2020-06-15,2399353,187992
EU,2020-06-16,2415942,188761
EU,2020-06-17,2434568,189472
EU,2020-06-18,2451597,190069
EU,2020-06-19,2467771,191791
EU,2020-06-20,2483690,192266
EU,2020-06-21,2498076,192528
EU,2020-06-22,2515174,192856
EU,2020-06-23,2531866,193567
EU,2020-06-24,2547996,194052
EU,2020-06-25,2564623,194492
EU,2020-06-26,2582634,195109
EU,2020-06-27,2596764,195504
EU,2020-06-28,2610187,195775
EU,2020-06-29,2627276,196094
EU,2020-06-30,2641675,196634
EU,2020-07-01,2657188,197225
EU,2020-07-02,2642338,197684
EU,2020-07-03,2656551,198209
EU,2020-07-04,2670402,198591
EU,2020-07-05,2682759,198875
EU,2020-07-06,2699067,199183
EU,2020-07-07,2711997,199761
EU,2020-07-08,2726868,200285
EU,2020-07-09,2741746,200737
EU,2020-07-10,2757287,201152
EU,2020-07-11,2771116,201635
EU,2020-07-12,2783401,201882
EU,2020-07-13,2800006,202157
EU,2020-07-14,2813477,202631
EU,2020-07-15,2829168,203126
EU,2020-07-16,2845102,203556
EU,2020-07-17,2862145,204027
EU,2020-07-18,2875817,204317
EU,2020-07-19,2888439,204531
EU,2020-07-20,2907879,204801
EU,2020-07-21,2922850,205228
EU,2020-07-22,2939309,205645
EU,2020-07-23,2957747,206023
EU,2020-07-24,2976030,206487
EU,2020-07-25,2990129,206812
EU,2020-07-26,3003591,207002
EU,2020-07-27,3026385,207247
EU,2020-07-28,3042561,207665
EU,2020-07-29,3061122,208135
EU,2020-07-30,3081505,208495
EU,2020-07-31,3102176,208963
EU,2020-08-01,3116849,209261
EU,2020-08-02,3130765,209475
EU,2020-08-03,3156850,209759
EU,2020-08-04,3177537,210188
EU,2020-08-05,3199003,210614
EU,2020-08-06,3219244,210983
EU,2020-08-07,3245904,211372
EU,2020-08-08,3261783,211726
EU,2020-08-09,3276200,211936
EU,2020-08-10,3305644,212209
EU,2020-08-11,3326586,212543
EU,2020-08-12,3349848,213033
EU,2020-08-13,3372537,208033
EU,2020-08-14,3374876,208380
EU,2020-08-15,3395704,208835
EU,2020-08-16,3413965,209051
EU,2020-08-17,3453442,209325
EU,2020-08-18,3474206,209685
EU,2020-08-19,3499933,210165
EU,2020-08-20,3524223,210515
EU,2020-08-21,3568611,210845
EU,2020-08-22,3591148,211166
EU,2020-08-23,3612376,211377
EU,2020-08-24,3644792,211664
EU,2020-08-25,3667907,212085
EU,2020-08-26,3696200,212362
EU,2020-08-27,3744334,212757
EU,2020-08-28,3774768,213128
EU,2020-08-29,3799649,213433
EU,2020-08-30,3823117,213675
EU,2020-08-31,3851478,214057
EU,2020-09-01,3882388,214541
EU,2020-09-02,3919043,214981
EU,2020-09-03,3957273,215420
EU,2020-09-04,4018477,215982
EU,2020-09-05,4049481,216350
EU,2020-09-06,4077561,216602
EU,2020-09-07,4112058,216962
EU,2020-09-08,4150649,217482
EU,2020-09-09,4192914,217938
EU,2020-09-10,4239763,218409
EU,2020-09-11,4300638,218871
EU,2020-09-12,4338802,219244
EU,2020-09-13,4370305,219551
EU,2020-09-14,4417663,219984
EU,2020-09-15,4463208,220682
EU,2020-09-16,4514484,221433
EU,2020-09-17,4570724,222117
EU,2020-09-18,4652997,222832
EU,2020-09-19,4699035,223290
EU,2020-09-20,4738931,223644
EU,2020-09-21,4787571,224194
EU,2020-09-22,4841750,225031
EU,2020-09-23,4904736,225775
EU,2020-09-24,4971533,226442
EU,2020-09-25,5061151,227199
EU,2020-09-26,5115045,227828
EU,2020-09-27,5162180,228234
EU,2020-09-28,5213261,228850
EU,2020-09-29,5272253,229756
EU,2020-09-30,5340104,230606
EU,2020-10-01,5413273,231439
EU,2020-10-02,5511194,232317
EU,2020-10-03,5583040,232960
EU,2020-10-04,5659937,233446
EU,2020-10-05,5763818,234139
EU,2020-10-06,5849694,235237
EU,2020-10-07,5944273,236205
EU,2020-10-08,6054954,237157
EU,2020-10-09,6167555,238217
EU,2020-10-10,6276478,239038
EU,2020-10-11,6368167,239728
EU,2020-10-12,6483640,240670
EU,2020-10-13,6593236,241909
EU,2020-10-14,6735253,243292
EU,2020-10-15,6913847,244648
EU,2020-10-16,7067551,246161
EU,2020-10-17,7212097,247335
EU,2020-10-18,7349763,248295
EU,2020-10-19,7510098,249582
EU,2020-10-20,7669814,251453
EU,2020-10-21,7866197,253180
EU,2020-10-22,8110204,255044
EU,2020-10-23,8345410,257098
EU,2020-10-24,8553308,258792
EU,2020-10-25,8753828,260150
EU,2020-10-26,8987238,262011
EU,2020-10-27,9215894,264856
EU,2020-10-28,9468184,267428
EU,2020-10-29,9772560,270081
EU,2020-10-30,10077226,273174
EU,2020-10-31,10316626,275696
EU,2020-11-01,10544933,277692
EU,2020-11-02,10824845,280373
EU,2020-11-03,11076169,284324
EU,2020-11-04,11368978,289682
EU,2020-11-05,11674848,293424
EU,2020-11-06,12004082,297972
EU,2020-11-07,12228353,301225
EU,2020-11-08,12539159,303711
EU,2020-11-09,12782968,307337
EU,2020-11-10,13035801,312659
EU,2020-11-11,13311443,317547
EU,2020-11-12,13612521,322076
EU,2020-11-13,13887506,326882
EU,2020-11-14,14135329,330744
EU,2020-11-15,14352110,333783
EU,2020-11-16,14571432,337676
EU,2020-11-17,14847309,343689
EU,2020-11-18,15097593,349076
EU,2020-11-19,15386704,354095
EU,2020-11-20,15660024,360030
EU,2020-11-21,15890156,364059
EU,2020-11-22,16079894,367450
EU,2020-11-23,16267343,371811
EU,2020-11-24,16492596,378247
EU,2020-11-25,16723457,383940
EU,2020-11-26,16997980,389436
EU,2020-11-27,17271572,395536
EU,2020-11-28,17496949,399989
EU,2020-11-29,17689302,403359
EU,2020-11-30,17880892,407765
EU,2020-12-01,18100264,414030
EU,2020-12-02,18338007,419713
EU,2020-12-03,18595297,425390
EU,2020-12-04,18846118,431175
EU,2020-12-05,19069995,435495
EU,2020-12-06,19266476,438897
EU,2020-12-07,19458427,442989
EU,2020-12-08,19677436,448775
EU,2020-12-09,19918637,454231
EU,2020-12-10,20974780,459838
EU,2020-12-11,21237478,465928
EU,2020-12-12,21467596,470500
EU,2020-12-13,21664429,473772
EU,2020-12-14,21863533,477941
EU,2020-12-15,22093650,484483
EU,2020-12-16,22358471,490575
EU,2020-12-17,22652395,496233
EU,2020-12-18,22920312,502293
EU,2020-12-19,23146143,506830
EU,2020-12-20,23351279,510170
EU,2020-12-21,23547590,514368
EU,2020-12-22,23785830,520843
EU,2020-12-23,24043820,526605
EU,2020-12-24,24322420,531652
EU,2020-12-25,24536199,535403
EU,2020-12-26,24689622,538228
EU,2020-12-27,24838409,541324
EU,2020-12-28,25024953,545563
EU,2020-12-29,25277737,552158
EU,2020-12-30,25561340,558771
EU,2020-12-31,25856740,564510
EU,2021-01-01,26088313,568490
EU,2021-01-02,26263236,571524
EU,2021-01-03,26439745,574650
EU,2021-01-04,26646220,579000
EU,2021-01-05,26927232,585641
EU,2021-01-06,27218054,591944
EU,2021-01-07,27533511,597699
EU,2021-01-08,27826420,604106
EU,2021-01-09,28061886,608751
EU,2021-01-10,28265533,612054
EU,2021-01-11,28488167,616275
EU,2021-01-12,28722441,623380
EU,2021-01-13,28990786,629941
EU,2021-01-14,29258671,636181
EU,2021-01-15,29523416,642537
EU,2021-01-16,29716088,647494
EU,2021-01-17,29878113,650751
EU,2021-01-18,30093408,655022
EU,2021-01-19,30301189,662435
EU,2021-01-20,30545432,669576
EU,2021-01-21,30891528,675766
EU,2021-01-22,31126970,682171
EU,2021-01-23,31302093,687139
EU,2021-01-24,31447504,690234
EU,2021-01-25,31646373,694692
EU,2021-01-26,31831209,701903
EU,2021-01-27,32053881,708646
EU,2021-01-28,32254841,714672
EU,2021-01-29,32464537,720941
EU,2021-01-30,32619900,725487
EU,2021-01-31,32749550,728499
EU,2021-02-01,32871011,732827
EU,2021-02-02,33037431,739749
EU,2021-02-03,33229543,745875
EU,2021-02-04,33420369,751108
EU,2021-02-05,33600720,756877
EU,2021-02-06,33739580,760641
EU,2021-02-07,33855741,763129
EU,2021-02-08,33959438,767141
EU,2021-02-09,34096253,773074
EU,2021-02-10,34259292,778442
EU,2021-02-11,34421997,783229
EU,2021-02-12,34577169,788000
EU,2021-02-13,34706057,791409
EU,2021-02-14,34805305,793485
EU,2021-02-15,34916132,796858
EU,2021-02-16,35045759,801671
EU,2021-02-17,35199799,806079
EU,2021-02-18,35361134,810018
EU,2021-02-19,35522276,814285
EU,2021-02-20,35659681,817105
EU,2021-02-21,35777888,819055
EU,2021-02-22,35889856,821866
EU,2021-02-23,36032069,826092
EU,2021-02-24,36211470,829907
EU,2021-02-25,36389397,833351
EU,2021-02-26,36564716,837108
EU,2021-02-27,36718819,839810
EU,2021-02-28,36844567,841690
EU,2021-03-01,36956254,844331
EU,2021-03-02,37035420,848111
EU,2021-03-03,37220074,852227
EU,2021-03-04,37406991,855664
EU,2021-03-05,37592162,859497
EU,2021-03-06,37758021,862079
EU,2021-03-07,37898479,863945
EU,2021-03-08,38011617,866670
EU,2021-03-09,38176225,870196
EU,2021-03-10,38380141,873839
EU,2021-03-11,38580957,877341
EU,2021-03-12,38785780,880852
EU,2021-03-13,38984118,883649
EU,2021-03-14,39144922,885625
EU,2021-03-15,39281023,888389
EU,2021-03-16,39473357,892289
EU,2021-03-17,39705169,896077
EU,2021-03-18,39946005,899426
EU,2021-03-19,40145666,902549
EU,2021-03-20,40400532,905731
EU,2021-03-21,40583188,907839
EU,2021-03-22,40763269,911190
EU,2021-03-23,40957188,915321
EU,2021-03-24,41177254,919163
EU,2021-03-25,41517234,923345
EU,2021-03-26,41788320,928078
EU,2021-03-27,42033008,931113
EU,2021-03-28,42237017,933335
EU,2021-03-29,42410193,936402
EU,2021-03-30,42634063,940431
EU,2021-03-31,42922358,944622
EU,2021-04-01,43212736,948665
EU,2021-04-02,43473773,952482
EU,2021-04-03,43670966,955527
EU,2021-04-04,43921694,958390
EU,2021-04-05,44074035,961212
EU,2021-04-06,44252556,964557
EU,2021-04-07,44449510,969063
EU,2021-04-08,44783850,974223
EU,2021-04-09,45053527,978931
EU,2021-04-10,45250062,982316
EU,2021-04-11,45497222,985061
EU,2021-04-12,45678365,988357
EU,2021-04-13,45907587,992572
EU,2021-04-14,46180840,997286
EU,2021-04-15,46448510,1001514
EU,2021-04-16,46702319,1005558
EU,2021-04-17,46923066,1008885
EU,2021-04-18,47102435,1011349
EU,2021-04-19,47270181,1014667
EU,2021-04-20,47497059,1018881
EU,2021-04-21,47738693,1023095
EU,2021-04-22,47980766,1027112
EU,2021-04-23,48203180,1031040
EU,2021-04-24,48377611,1034310
EU,2021-04-25,48529968,1036646
EU,2021-04-26,48662053,1039553
EU,2021-04-27,48846241,1043448
EU,2021-04-28,49043067,1047358
EU,2021-04-29,49232545,1050876
EU,2021-04-30,49401781,1054295
EU,2021-05-01,49545859,1057162
EU,2021-05-02,49646555,1059061
EU,2021-05-03,49750910,1061461
EU,2021-05-04,49887684,1064234
EU,2021-05-05,50037037,1067476
EU,2021-05-06,50182117,1070581
EU,2021-05-07,50322129,1073603
EU,2021-05-08,50440067,1076230
EU,2021-05-09,50523110,1078023
EU,2021-05-10,50606961,1080150
EU,2021-05-11,50716739,1082904
EU,2021-05-12,50834240,1085655
EU,2021-05-13,50943849,1088193
EU,2021-05-14,51044252,1090593
EU,2021-05-15,51128418,1092674
EU,2021-05-16,51199601,1094058
EU,2021-05-17,51263964,1095793
EU,2021-05-18,51351849,1098160
EU,2021-05-19,51451194,1100430
EU,2021-05-20,51179649,1102480
EU,2021-05-21,51263295,1104443
EU,2021-05-22,51330424,1106090
EU,2021-05-23,51381560,1107210
EU,2021-05-24,51434403,1108432
EU,2021-05-25,51494466,1110405
EU,2021-05-26,51563287,1112433
EU,2021-05-27,51637394,1114188
EU,2021-05-28,51707496,1115812
EU,2021-05-29,51733494,1116733
"NA",2020-03-09,727,23
"NA",2020-03-10,1102,31
"NA",2020-03-11,1454,40
"NA",2020-03-12,1908,43
"NA",2020-03-13,2542,50
"NA",2020-03-14,3227,59
"NA",2020-03-15,4191,71
"NA",2020-03-16,5333,93
"NA",2020-03-17,7342,122
"NA",2020-03-18,8534,130
"NA",2020-03-19,15220,229
"NA",2020-03-20,21227,279
"NA",2020-03-21,26524,337
"NA",2020-03-22,35483,453
"NA",2020-03-23,47029,591
"NA",2020-03-24,57901,748
"NA",2020-03-25,71099,999
"NA",2020-03-26,90009,1283
"NA",2020-03-27,109866,1712
"NA",2020-03-28,132245,2341
"NA",2020-03-29,151923,2635
"NA",2020-03-30,174973,3351
"NA",2020-03-31,200702,4092
"NA",2020-04-01,229724,5374
"NA",2020-04-02,261433,6237
"NA",2020-04-03,295814,7814
"NA",2020-04-04,331046,8915
"NA",2020-04-05,359316,10167
"NA",2020-04-06,389790,11501
"NA",2020-04-07,422288,13538
"NA",2020-04-08,456376,15506
"NA",2020-04-09,498607,17610
"NA",2020-04-10,535820,19773
"NA",2020-04-11,567997,21769
"NA",2020-04-12,598221,23471
"NA",2020-04-13,626481,25081
"NA",2020-04-14,654229,27622
"NA",2020-04-15,688046,30353
"NA",2020-04-16,723852,36667
"NA",2020-04-17,758911,39384
"NA",2020-04-18,790457,41480
"NA",2020-04-19,819017,43288
"NA",2020-04-20,851058,45407
"NA",2020-04-21,878272,48346
"NA",2020-04-22,911081,50976
"NA",2020-04-23,946645,53488
"NA",2020-04-24,994695,56093
"NA",2020-04-25,1033485,58570
"NA",2020-04-26,1064451,59952
"NA",2020-04-27,1088419,61397
"NA",2020-04-28,1118724,64243
"NA",2020-04-29,1150062,66908
"NA",2020-04-30,1184757,69502
"NA",2020-05-01,1224750,71755
"NA",2020-05-02,1257235,73725
"NA",2020-05-03,1290225,75123
"NA",2020-05-04,1317862,76549
"NA",2020-05-05,1346525,79411
"NA",2020-05-06,1371496,81863
"NA",2020-05-07,1408884,84940
"NA",2020-05-08,1441874,87049
"NA",2020-05-09,1472053,88845
"NA",2020-05-10,1496008,89968
"NA",2020-05-11,1517846,91210
"NA",2020-05-12,1543870,93132
"NA",2020-05-13,1569286,95441
"NA",2020-05-14,1599392,97650
"NA",2020-05-15,1622186,98974
"NA",2020-05-16,1644985,100301
"NA",2020-05-17,1667782,101631
"NA",2020-05-18,1690581,102958
"NA",2020-05-19,1735961,105931
"NA",2020-05-20,1761294,107796
"NA",2020-05-21,1794270,109720
"NA",2020-05-22,1824236,111617
"NA",2020-05-23,1851723,113259
"NA",2020-05-24,1876257,114154
"NA",2020-05-25,1902125,115024
"NA",2020-05-26,1926367,116135
"NA",2020-05-27,1952476,118333
"NA",2020-05-28,1980810,120161
"NA",2020-05-29,2011684,121958
"NA",2020-05-30,2040086,123462
"NA",2020-05-31,2066378,124721
"NA",2020-06-01,2093586,125663
"NA",2020-06-02,2119825,127143
"NA",2020-06-03,2146752,128829
"NA",2020-06-04,2174814,131134
"NA",2020-06-05,2211511,133262
"NA",2020-06-06,2253216,134753
"NA",2020-06-07,2277813,135529
"NA",2020-06-08,2302491,136374
"NA",2020-06-09,2327202,137937
"NA",2020-06-10,2353843,139621
"NA",2020-06-11,2386145,141343
"NA",2020-06-12,2419733,142808
"NA",2020-06-13,2454100,144132
"NA",2020-06-14,2479415,144965
"NA",2020-06-15,2507149,145735
"NA",2020-06-16,2539421,147130
"NA",2020-06-17,2571339,148763
"NA",2020-06-18,2608709,150318
"NA",2020-06-19,2650247,151839
"NA",2020-06-20,2693955,153207
"NA",2020-06-21,2728317,153942
"NA",2020-06-22,2768143,155391
"NA",2020-06-23,2812065,157137
"NA",2020-06-24,2860483,158830
"NA",2020-06-25,2905334,160449
"NA",2020-06-26,2968607,164015
"NA",2020-06-27,3021310,165400
"NA",2020-06-28,3070678,166384
"NA",2020-06-29,3122688,167075
"NA",2020-06-30,3176970,168991
"NA",2020-07-01,3236233,170393
"NA",2020-07-02,3302728,171944
"NA",2020-07-03,3371621,173469
"NA",2020-07-04,3428048,174450
"NA",2020-07-05,3485580,175314
"NA",2020-07-06,3554664,176110
"NA",2020-07-07,3618764,177664
"NA",2020-07-08,3692452,179621
"NA",2020-07-09,3765352,181573
"NA",2020-07-10,3848976,183163
"NA",2020-07-11,3925497,184751
"NA",2020-07-12,3993433,185787
"NA",2020-07-13,4067293,186578
"NA",2020-07-14,4143328,188087
"NA",2020-07-15,4226868,190012
"NA",2020-07-16,4306669,191675
"NA",2020-07-17,4401075,193406
"NA",2020-07-18,4478631,195143
"NA",2020-07-19,4557973,196265
"NA",2020-07-20,4636187,197203
"NA",2020-07-21,4710895,198719
"NA",2020-07-22,4795707,200990
"NA",2020-07-23,4877748,203083
"NA",2020-07-24,4971753,205124
"NA",2020-07-25,5049961,206879
"NA",2020-07-26,5116604,208170
"NA",2020-07-27,5193822,209247
"NA",2020-07-28,5266095,211458
"NA",2020-07-29,5343043,213920
"NA",2020-07-30,5425771,216004
"NA",2020-07-31,5515113,218561
"NA",2020-08-01,5586190,220456
"NA",2020-08-02,5651465,221871
"NA",2020-08-03,5708497,222796
"NA",2020-08-04,5773891,224512
"NA",2020-08-05,5841475,226820
"NA",2020-08-06,5907939,228937
"NA",2020-08-07,5987286,231235
"NA",2020-08-08,6052666,233136
"NA",2020-08-09,6114459,234490
"NA",2020-08-10,6172391,235420
"NA",2020-08-11,6238055,237633
"NA",2020-08-12,6307080,240262
"NA",2020-08-13,6371782,242326
"NA",2020-08-14,6447784,244241
"NA",2020-08-15,6510885,246017
"NA",2020-08-16,6559564,247274
"NA",2020-08-17,6612740,248143
"NA",2020-08-18,6662398,249774
"NA",2020-08-19,6718965,251977
"NA",2020-08-20,6775409,253844
"NA",2020-08-21,6838292,256405
"NA",2020-08-22,6893064,258034
"NA",2020-08-23,6938411,259188
"NA",2020-08-24,6986810,259996
"NA",2020-08-25,7036999,261705
"NA",2020-08-26,7089793,263726
"NA",2020-08-27,7147015,265633
"NA",2020-08-28,7208457,267419
"NA",2020-08-29,7262111,269042
"NA",2020-08-30,7306856,270165
"NA",2020-08-31,7353367,271096
"NA",2020-09-01,7408609,272631
"NA",2020-09-02,7461282,274618
"NA",2020-09-03,7506182,276349
"NA",2020-09-04,7571103,278035
"NA",2020-09-05,7626620,279474
"NA",2020-09-06,7665063,280405
"NA",2020-09-07,7700202,281024
"NA",2020-09-08,7735744,281825
"NA",2020-09-09,7782922,283816
"NA",2020-09-10,7830944,285494
"NA",2020-09-11,7890073,287344
"NA",2020-09-12,7941410,288719
"NA",2020-09-13,7983136,289546
"NA",2020-09-14,8034207,290343
"NA",2020-09-15,8080953,291843
"NA",2020-09-16,8130047,293672
"NA",2020-09-17,8185033,294951
"NA",2020-09-18,8247558,296264
"NA",2020-09-19,8301660,297705
"NA",2020-09-20,8344077,298524
"NA",2020-09-21,8397113,299206
"NA",2020-09-22,8458969,300486
"NA",2020-09-23,8508984,302318
"NA",2020-09-24,8566736,303963
"NA",2020-09-25,8627530,305339
"NA",2020-09-26,8692276,306745
"NA",2020-09-27,8735032,307482
"NA",2020-09-28,8783184,308043
"NA",2020-09-29,8836480,309283
"NA",2020-09-30,8889780,310910
"NA",2020-10-01,8949605,312442
"NA",2020-10-02,9013028,313874
"NA",2020-10-03,9078672,315233
"NA",2020-10-04,9121317,316019
"NA",2020-10-05,9174719,316709
"NA",2020-10-06,9250382,320349
"NA",2020-10-07,9317452,321907
"NA",2020-10-08,9386784,323326
"NA",2020-10-09,9461405,324758
"NA",2020-10-10,9524097,325901
"NA",2020-10-11,9580477,326536
"NA",2020-10-12,9634637,327078
"NA",2020-10-13,9696659,328135
"NA",2020-10-14,9768037,329712
"NA",2020-10-15,9845350,331170
"NA",2020-10-16,9930215,332611
"NA",2020-10-17,9998383,333794
"NA",2020-10-18,10053925,334662
"NA",2020-10-19,10125138,335293
"NA",2020-10-20,10204161,336420
"NA",2020-10-21,10279998,338347
"NA",2020-10-22,10369290,339958
"NA",2020-10-23,10471957,341502
"NA",2020-10-24,10565226,342788
"NA",2020-10-25,10640042,343765
"NA",2020-10-26,10723062,344553
"NA",2020-10-27,10807587,345872
"NA",2020-10-28,10904205,347700
"NA",2020-10-29,11006174,349348
"NA",2020-10-30,11128318,350939
"NA",2020-10-31,11228142,352473
"NA",2020-11-01,11311461,353420
"NA",2020-11-02,11402684,354077
"NA",2020-11-03,11545547,356074
"NA",2020-11-04,11667183,357902
"NA",2020-11-05,11796756,359789
"NA",2020-11-06,11950414,361718
"NA",2020-11-07,12086406,363428
"NA",2020-11-08,12209981,364510
"NA",2020-11-09,12353740,365494
"NA",2020-11-10,12507234,367158
"NA",2020-11-11,12663666,369365
"NA",2020-11-12,12847065,371370
"NA",2020-11-13,13057038,373561
"NA",2020-11-14,13236796,375605
"NA",2020-11-15,13383229,376918
"NA",2020-11-16,13561683,378059
"NA",2020-11-17,13731857,380031
"NA",2020-11-18,13926958,382475
"NA",2020-11-19,14126319,385149
"NA",2020-11-20,14351647,387875
"NA",2020-11-21,14542012,390279
"NA",2020-11-22,14703559,391848
"NA",2020-11-23,14889810,393130
"NA",2020-11-24,15100792,395827
"NA",2020-11-25,15293988,398990
"NA",2020-11-26,15442157,401481
"NA",2020-11-27,15662573,403771
"NA",2020-11-28,15847456,405821
"NA",2020-11-29,16004090,407299
"NA",2020-11-30,16183128,408770
"NA",2020-12-01,16383017,411806
"NA",2020-12-02,16610487,415723
"NA",2020-12-03,16858217,419605
"NA",2020-12-04,17113505,423162
"NA",2020-12-05,17360549,426394
"NA",2020-12-06,17559397,428204
"NA",2020-12-07,17772889,430085
"NA",2020-12-08,18011481,433351
"NA",2020-12-09,18261289,437662
"NA",2020-12-10,18512371,441815
"NA",2020-12-11,18772176,445585
"NA",2020-12-12,19071073,448993
"NA",2020-12-13,19292283,451314
"NA",2020-12-14,19512438,453291
"NA",2020-12-15,19724989,456534
"NA",2020-12-16,19979865,461091
"NA",2020-12-17,20240686,465307
"NA",2020-12-18,20520369,469205
"NA",2020-12-19,20764134,473130
"NA",2020-12-20,20990477,475456
"NA",2020-12-21,21173245,477381
"NA",2020-12-22,21400886,481761
"NA",2020-12-23,21661218,486523
"NA",2020-12-24,21897452,490564
"NA",2020-12-25,22043495,493119
"NA",2020-12-26,22240792,495384
"NA",2020-12-27,22426576,497046
"NA",2020-12-28,22617614,499396
"NA",2020-12-29,22842545,503460
"NA",2020-12-30,23119420,508736
"NA",2020-12-31,23388911,513664
"NA",2021-01-01,23574468,517083
"NA",2021-01-02,23886573,520397
"NA",2021-01-03,24122529,522542
"NA",2021-01-04,24329998,524674
"NA",2021-01-05,24636851,529152
"NA",2021-01-06,24904629,534379
"NA",2021-01-07,25219508,540092
"NA",2021-01-08,25568433,545163
"NA",2021-01-09,25868841,550459
"NA",2021-01-10,26124550,553777
"NA",2021-01-11,26372123,556431
"NA",2021-01-12,26624698,561451
"NA",2021-01-13,26900083,567463
"NA",2021-01-14,27160370,572929
"NA",2021-01-15,27447185,578274
"NA",2021-01-16,27710335,583452
"NA",2021-01-17,27911018,586780
"NA",2021-01-18,28081831,588861
"NA",2021-01-19,28277577,592291
"NA",2021-01-20,28505663,598401
"NA",2021-01-21,28733407,604647
"NA",2021-01-22,28959899,610866
"NA",2021-01-23,29175203,616187
"NA",2021-01-24,29349379,619878
"NA",2021-01-25,29509742,622355
"NA",2021-01-26,29695772,627160
"NA",2021-01-27,29866559,632905
"NA",2021-01-28,30059390,639049
"NA",2021-01-29,30256725,644525
"NA",2021-01-30,30454226,649648
"NA",2021-01-31,30603722,653572
"NA",2021-02-01,30746587,655934
"NA",2021-02-02,30896532,660648
"NA",2021-02-03,31027984,664944
"NA",2021-02-04,31173043,672125
"NA",2021-02-05,31328929,677815
"NA",2021-02-06,31474169,682491
"NA",2021-02-07,31588034,685701
"NA",2021-02-08,31687267,687653
"NA",2021-02-09,31795824,691497
"NA",2021-02-10,31913086,696790
"NA",2021-02-11,32036094,702109
"NA",2021-02-12,32162549,709503
"NA",2021-02-13,32273177,714527
"NA",2021-02-14,32361734,717301
"NA",2021-02-15,32423339,718854
"NA",2021-02-16,32497573,721038
"NA",2021-02-17,32586661,724827
"NA",2021-02-18,32670545,728822
"NA",2021-02-19,32771945,732761
"NA",2021-02-20,32860694,735967
"NA",2021-02-21,32963218,738279
"NA",2021-02-22,33031890,740108
"NA",2021-02-23,33115034,742861
"NA",2021-02-24,33207786,746895
"NA",2021-02-25,33305034,751454
"NA",2021-02-26,33397429,754508
"NA",2021-02-27,33486876,757327
"NA",2021-02-28,33548638,759411
"NA",2021-03-01,33614811,761254
"NA",2021-03-02,33682862,763725
"NA",2021-03-03,33786149,767323
"NA",2021-03-04,33868973,770255
"NA",2021-03-05,33952165,773184
"NA",2021-03-06,34028528,775598
"NA",2021-03-07,34085111,777290
"NA",2021-03-08,34140103,778338
"NA",2021-03-09,34208187,780633
"NA",2021-03-10,34283540,783223
"NA",2021-03-11,34361393,785585
"NA",2021-03-12,34447721,788140
"NA",2021-03-13,34512712,790123
"NA",2021-03-14,34564195,791498
"NA",2021-03-15,34627490,792536
"NA",2021-03-16,34690674,794107
"NA",2021-03-17,34801579,795758
"NA",2021-03-18,34881469,798387
"NA",2021-03-19,34965333,800830
"NA",2021-03-20,35034698,802477
"NA",2021-03-21,35089573,803612
"NA",2021-03-22,35150389,804507
"NA",2021-03-23,35221573,805713
"NA",2021-03-24,35306678,808062
"NA",2021-03-25,35389037,810097
"NA",2021-03-26,35482549,812252
"NA",2021-03-27,35565993,813921
"NA",2021-03-28,35619837,815042
"NA",2021-03-29,35703434,816002
"NA",2021-03-30,35777881,817257
"NA",2021-03-31,35859812,819233
"NA",2021-04-01,35952353,820937
"NA",2021-04-02,36036534,822753
"NA",2021-04-03,36123042,824007
"NA",2021-04-04,36169674,824486
"NA",2021-04-05,36247839,825097
"NA",2021-04-06,36335279,826542
"NA",2021-04-07,36416039,827855
"NA",2021-04-08,36529265,831542
"NA",2021-04-09,36637490,833229
"NA",2021-04-10,36721741,834976
"NA",2021-04-11,36789362,837509
"NA",2021-04-12,36871145,838208
"NA",2021-04-13,36973230,839631
"NA",2021-04-14,37072394,841220
"NA",2021-04-15,37168278,842855
"NA",2021-04-16,37268319,844341
"NA",2021-04-17,37353902,845665
"NA",2021-04-18,37403135,846715
"NA",2021-04-19,37484990,847434
"NA",2021-04-20,37562601,848571
"NA",2021-04-21,37649264,850181
"NA",2021-04-22,37737319,851781
"NA",2021-04-23,37821394,853275
"NA",2021-04-24,37898625,854729
"NA",2021-04-25,37948169,855432
"NA",2021-04-26,38004814,856077
"NA",2021-04-27,38078135,857222
"NA",2021-04-28,38153608,858701
"NA",2021-04-29,38233455,860161
"NA",2021-04-30,38315201,861705
"NA",2021-05-01,38373834,862950
"NA",2021-05-02,38423633,863704
"NA",2021-05-03,38487896,864359
"NA",2021-05-04,38548068,865520
"NA",2021-05-05,38616228,866876
"NA",2021-05-06,38681616,868172
"NA",2021-05-07,38748317,869414
"NA",2021-05-08,38798432,870740
"NA",2021-05-09,38837146,871412
"NA",2021-05-10,38891599,872036
"NA",2021-05-11,38939550,873085
"NA",2021-05-12,38995021,874425
"NA",2021-05-13,39052963,875686
"NA",2021-05-14,39108825,876936
"NA",2021-05-15,39156550,877892
"NA",2021-05-16,39184825,878540
"NA",2021-05-17,39233250,879123
"NA",2021-05-18,39274584,880164
"NA",2021-05-19,39317147,881237
"NA",2021-05-20,39363341,882166
"NA",2021-05-21,39411025,883390
"NA",2021-05-22,39440599,884168
"NA",2021-05-23,39468118,884846
"NA",2021-05-24,39503516,885388
"NA",2021-05-25,39541611,886426
"NA",2021-05-26,39576794,887784
"NA",2021-05-27,39618792,888866
"NA",2021-05-28,39657980,891583
"NA",2021-05-29,39667929,892102
OC,2020-03-09,98,3
OC,2020-03-10,121,3
OC,2020-03-11,132,3
OC,2020-03-12,162,3
OC,2020-03-13,207,3
OC,2020-03-14,258,3
OC,2020-03-15,314,5
OC,2020-03-16,415,5
OC,2020-03-17,472,5
OC,2020-03-18,598,6
OC,2020-03-19,805,7
OC,2020-03-20,959,7
OC,2020-03-21,1161,7
OC,2020-03-22,1504,8
OC,2020-03-23,2048,8
OC,2020-03-24,2544,9
OC,2020-03-25,2926,11
OC,2020-03-26,3329,13
OC,2020-03-27,3599,13
OC,2020-03-28,4137,14
OC,2020-03-29,4728,18
OC,2020-03-30,5010,20
OC,2020-03-31,5469,21
OC,2020-04-01,5815,24
OC,2020-04-02,6174,29
OC,2020-04-03,6387,29
OC,2020-04-04,6570,31
OC,2020-04-05,6861,38
OC,2020-04-06,7077,42
OC,2020-04-07,7230,50
OC,2020-04-08,7348,51
OC,2020-04-09,7477,52
OC,2020-04-10,7608,56
OC,2020-04-11,7702,60
OC,2020-04-12,7732,63
OC,2020-04-13,7799,66
OC,2020-04-14,7857,70
OC,2020-04-15,7924,72
OC,2020-04-16,7966,72
OC,2020-04-17,8032,76
OC,2020-04-18,8105,81
OC,2020-04-19,8140,83
OC,2020-04-20,8164,83
OC,2020-04-21,8190,84
OC,2020-04-22,8201,88
OC,2020-04-23,8219,91
OC,2020-04-24,8232,96
OC,2020-04-25,8257,98
OC,2020-04-26,8287,101
OC,2020-04-27,8290,102
OC,2020-04-28,8312,107
OC,2020-04-29,8322,108
OC,2020-04-30,8331,110
OC,2020-05-01,8348,112
OC,2020-05-02,8370,113
OC,2020-05-03,8390,115
OC,2020-05-04,8414,115
OC,2020-05-05,8439,116
OC,2020-05-06,8467,118
OC,2020-05-07,8489,118
OC,2020-05-08,8508,118
OC,2020-05-09,8525,118
OC,2020-05-10,8539,118
OC,2020-05-11,8549,118
OC,2020-05-12,8565,118
OC,2020-05-13,8581,119
OC,2020-05-14,8590,119
OC,2020-05-15,8604,119
OC,2020-05-16,8618,119
OC,2020-05-17,8633,119
OC,2020-05-18,8647,119
OC,2020-05-19,8675,121
OC,2020-05-20,8686,121
OC,2020-05-21,8688,121
OC,2020-05-22,8703,122
OC,2020-05-23,8719,123
OC,2020-05-24,8722,123
OC,2020-05-25,8726,123
OC,2020-05-26,8741,123
OC,2020-05-27,8747,124
OC,2020-05-28,8759,125
OC,2020-05-29,8782,125
OC,2020-05-30,8794,125
OC,2020-05-31,8804,125
OC,2020-06-01,8814,125
OC,2020-06-02,8831,124
OC,2020-06-03,8839,124
OC,2020-06-04,8850,124
OC,2020-06-05,8861,124
OC,2020-06-06,8865,124
OC,2020-06-07,8870,124
OC,2020-06-08,8875,124
OC,2020-06-09,8878,124
OC,2020-06-10,8887,124
OC,2020-06-11,8896,124
OC,2020-06-12,8901,124
OC,2020-06-13,8913,124
OC,2020-06-14,8931,124
OC,2020-06-15,8946,124
OC,2020-06-16,8960,124
OC,2020-06-17,8983,124
OC,2020-06-18,9005,124
OC,2020-06-19,9023,124
OC,2020-06-20,9052,124
OC,2020-06-21,9079,124
OC,2020-06-22,9095,124
OC,2020-06-23,9115,124
OC,2020-06-24,9146,125
OC,2020-06-25,9186,126
OC,2020-06-26,9225,126
OC,2020-06-27,9273,126
OC,2020-06-28,9324,126
OC,2020-06-29,9407,126
OC,2020-06-30,9476,126
OC,2020-07-01,9560,126
OC,2020-07-02,9643,126
OC,2020-07-03,9897,126
OC,2020-07-04,10004,126
OC,2020-07-05,10094,126
OC,2020-07-06,10233,128
OC,2020-07-07,10406,128
OC,2020-07-08,10538,128
OC,2020-07-09,10714,128
OC,2020-07-10,11021,128
OC,2020-07-11,11216,129
OC,2020-07-12,11460,130
OC,2020-07-13,11644,130
OC,2020-07-14,11915,130
OC,2020-07-15,12155,133
OC,2020-07-16,12479,135
OC,2020-07-17,12909,138
OC,2020-07-18,13117,140
OC,2020-07-19,13481,144
OC,2020-07-20,13751,145
OC,2020-07-21,14121,149
OC,2020-07-22,14590,150
OC,2020-07-23,14998,155
OC,2020-07-24,15294,161
OC,2020-07-25,15654,167
OC,2020-07-26,16132,177
OC,2020-07-27,16664,183
OC,2020-07-28,17033,189
OC,2020-07-29,17313,199
OC,2020-07-30,18037,213
OC,2020-07-31,18648,222
OC,2020-08-01,19046,226
OC,2020-08-02,19709,233
OC,2020-08-03,20107,246
OC,2020-08-04,20522,257
OC,2020-08-05,21279,272
OC,2020-08-06,21735,281
OC,2020-08-07,22142,292
OC,2020-08-08,22574,304
OC,2020-08-09,22986,321
OC,2020-08-10,23309,340
OC,2020-08-11,23659,357
OC,2020-08-12,24155,378
OC,2020-08-13,24424,387
OC,2020-08-14,24806,401
OC,2020-08-15,25132,405
OC,2020-08-16,25449,422
OC,2020-08-17,25740,447
OC,2020-08-18,26025,464
OC,2020-08-19,26251,476
OC,2020-08-20,26513,490
OC,2020-08-21,26695,499
OC,2020-08-22,26983,512
OC,2020-08-23,27236,529
OC,2020-08-24,27349,544
OC,2020-08-25,27585,552
OC,2020-08-26,27784,576
OC,2020-08-27,27914,600
OC,2020-08-28,28148,612
OC,2020-08-29,28260,629
OC,2020-08-30,28391,640
OC,2020-08-31,28476,681
OC,2020-09-01,28655,686
OC,2020-09-02,28825,692
OC,2020-09-03,28953,707
OC,2020-09-04,29056,767
OC,2020-09-05,29213,779
OC,2020-09-06,29290,784
OC,2020-09-07,29346,793
OC,2020-09-08,29489,801
OC,2020-09-09,29609,812
OC,2020-09-10,29727,819
OC,2020-09-11,29876,830
OC,2020-09-12,29921,836
OC,2020-09-13,29969,844
OC,2020-09-14,30012,850
OC,2020-09-15,30208,850
OC,2020-09-16,30254,859
OC,2020-09-17,30295,867
OC,2020-09-18,30343,872
OC,2020-09-19,30479,879
OC,2020-09-20,30559,885
OC,2020-09-21,30573,887
OC,2020-09-22,30736,890
OC,2020-09-23,30777,895
OC,2020-09-24,30868,900
OC,2020-09-25,30997,909
OC,2020-09-26,31017,910
OC,2020-09-27,31043,912
OC,2020-09-28,31047,915
OC,2020-09-29,31209,923
OC,2020-09-30,31235,927
OC,2020-10-01,31394,929
OC,2020-10-02,31411,931
OC,2020-10-03,31533,935
OC,2020-10-04,31553,936
OC,2020-10-05,31831,937
OC,2020-10-06,31859,938
OC,2020-10-07,31871,940
OC,2020-10-08,32098,941
OC,2020-10-09,32123,941
OC,2020-10-10,32476,941
OC,2020-10-11,32503,942
OC,2020-10-12,33033,943
OC,2020-10-13,33064,944
OC,2020-10-14,33421,951
OC,2020-10-15,33448,951
OC,2020-10-16,33461,951
OC,2020-10-17,33703,952
OC,2020-10-18,33714,952
OC,2020-10-19,34473,955
OC,2020-10-20,34504,955
OC,2020-10-21,34545,955
OC,2020-10-22,35184,958
OC,2020-10-23,35847,959
OC,2020-10-24,35873,959
OC,2020-10-25,35888,959
OC,2020-10-26,36546,965
OC,2020-10-27,36561,965
OC,2020-10-28,36576,967
OC,2020-10-29,37426,970
OC,2020-10-30,37443,970
OC,2020-10-31,37460,970
OC,2020-11-01,37467,970
OC,2020-11-02,38863,979
OC,2020-11-03,38876,979
OC,2020-11-04,39199,979
OC,2020-11-05,39553,980
OC,2020-11-06,40274,980
OC,2020-11-07,40283,980
OC,2020-11-08,40297,980
OC,2020-11-09,40996,990
OC,2020-11-10,41298,993
OC,2020-11-11,41653,993
OC,2020-11-12,41839,993
OC,2020-11-13,42068,994
OC,2020-11-14,42080,994
OC,2020-11-15,42100,994
OC,2020-11-16,42539,997
OC,2020-11-17,42794,1002
OC,2020-11-18,43041,1003
OC,2020-11-19,43280,1003
OC,2020-11-20,43450,1004
OC,2020-11-21,43474,1004
OC,2020-11-22,43498,1004
OC,2020-11-23,43830,1009
OC,2020-11-24,44092,1011
OC,2020-11-25,44376,1011
OC,2020-11-26,44505,1013
OC,2020-11-27,44731,1014
OC,2020-11-28,44746,1014
OC,2020-11-29,44754,1014
OC,2020-11-30,45060,1017
OC,2020-12-01,45074,1017
OC,2020-12-02,45286,1018
OC,2020-12-03,45650,1020
OC,2020-12-04,45875,1021
OC,2020-12-05,45891,1021
OC,2020-12-06,45900,1021
OC,2020-12-07,45908,1021
OC,2020-12-08,46167,1028
OC,2020-12-09,46256,1032
OC,2020-12-10,46387,1033
OC,2020-12-11,46521,1034
OC,2020-12-12,46534,1034
OC,2020-12-13,46544,1034
OC,2020-12-14,46689,1039
OC,2020-12-15,46818,1040
OC,2020-12-16,46942,1041
OC,2020-12-17,47132,1044
OC,2020-12-18,47165,1044
OC,2020-12-19,47263,1046
OC,2020-12-20,47313,1046
OC,2020-12-21,47508,1050
OC,2020-12-22,47530,1050
OC,2020-12-23,47620,1050
OC,2020-12-24,47701,1051
OC,2020-12-25,47815,1052
OC,2020-12-26,47839,1052
OC,2020-12-27,47870,1052
OC,2020-12-28,48041,1058
OC,2020-12-29,48061,1058
OC,2020-12-30,48194,1058
OC,2020-12-31,48285,1059
OC,2021-01-01,48382,1059
OC,2021-01-02,48425,1059
OC,2021-01-03,48459,1059
OC,2021-01-04,48499,1059
OC,2021-01-05,48585,1066
OC,2021-01-06,48702,1066
OC,2021-01-07,48757,1066
OC,2021-01-08,48892,1067
OC,2021-01-09,48916,1067
OC,2021-01-10,48959,1067
OC,2021-01-11,48981,1067
OC,2021-01-12,49107,1069
OC,2021-01-13,49194,1069
OC,2021-01-14,49295,1069
OC,2021-01-15,49428,1071
OC,2021-01-16,49498,1071
OC,2021-01-17,49532,1071
OC,2021-01-18,49551,1071
OC,2021-01-19,49622,1072
OC,2021-01-20,49638,1072
OC,2021-01-21,49648,1072
OC,2021-01-22,49817,1073
OC,2021-01-23,49824,1073
OC,2021-01-24,49835,1073
OC,2021-01-25,49851,1073
OC,2021-01-26,49931,1074
OC,2021-01-27,49991,1076
OC,2021-01-28,50038,1076
OC,2021-01-29,50091,1076
OC,2021-01-30,50122,1076
OC,2021-01-31,50126,1076
OC,2021-02-01,50151,1076
OC,2021-02-02,50201,1077
OC,2021-02-03,50228,1078
OC,2021-02-04,50286,1078
OC,2021-02-05,50336,1078
OC,2021-02-06,50344,1078
OC,2021-02-07,50351,1078
OC,2021-02-08,50367,1078
OC,2021-02-09,50410,1080
OC,2021-02-10,50445,1080
OC,2021-02-11,50451,1080
OC,2021-02-12,50492,1080
OC,2021-02-13,50505,1080
OC,2021-02-14,50513,1080
OC,2021-02-15,50551,1080
OC,2021-02-16,50563,1082
OC,2021-02-17,50613,1083
OC,2021-02-18,50657,1083
OC,2021-02-19,50678,1084
OC,2021-02-20,50697,1084
OC,2021-02-21,50703,1084
OC,2021-02-22,50808,1085
OC,2021-02-23,50884,1085
OC,2021-02-24,50925,1087
OC,2021-02-25,50938,1087
OC,2021-02-26,51059,1088
OC,2021-02-27,51116,1088
OC,2021-02-28,51125,1088
OC,2021-03-01,51222,1090
OC,2021-03-02,51279,1091
OC,2021-03-03,51295,1091
OC,2021-03-04,51334,1091
OC,2021-03-05,51482,1093
OC,2021-03-06,51500,1093
OC,2021-03-07,51608,1093
OC,2021-03-08,51736,1094
OC,2021-03-09,51771,1094
OC,2021-03-10,51874,1099
OC,2021-03-11,51981,1099
OC,2021-03-12,52019,1099
OC,2021-03-13,52037,1099
OC,2021-03-14,52309,1099
OC,2021-03-15,52511,1104
OC,2021-03-16,52545,1104
OC,2021-03-17,52661,1104
OC,2021-03-18,52811,1109
OC,2021-03-19,53035,1114
OC,2021-03-20,53479,1114
OC,2021-03-21,53493,1114
OC,2021-03-22,53796,1114
OC,2021-03-23,54201,1115
OC,2021-03-24,54575,1117
OC,2021-03-25,54605,1117
OC,2021-03-26,55170,1117
OC,2021-03-27,55185,1117
OC,2021-03-28,55716,1123
OC,2021-03-29,55915,1127
OC,2021-03-30,56218,1134
OC,2021-03-31,56607,1138
OC,2021-04-01,56747,1138
OC,2021-04-02,57130,1138
OC,2021-04-03,57282,1138
OC,2021-04-04,57710,1139
OC,2021-04-05,57723,1139
OC,2021-04-06,58122,1145
OC,2021-04-07,58370,1146
OC,2021-04-08,58611,1146
OC,2021-04-09,58629,1146
OC,2021-04-10,59150,1146
OC,2021-04-11,59259,1146
OC,2021-04-12,59459,1147
OC,2021-04-13,59701,1148
OC,2021-04-14,59882,1150
OC,2021-04-15,60105,1161
OC,2021-04-16,60139,1161
OC,2021-04-17,60319,1161
OC,2021-04-18,60737,1168
OC,2021-04-19,60757,1168
OC,2021-04-20,61029,1170
OC,2021-04-21,61433,1178
OC,2021-04-22,61461,1178
OC,2021-04-23,61499,1178
OC,2021-04-24,61804,1181
OC,2021-04-25,61886,1181
OC,2021-04-26,62097,1184
OC,2021-04-27,62139,1184
OC,2021-04-28,62256,1186
OC,2021-04-29,62382,1186
OC,2021-04-30,62407,1186
OC,2021-05-01,62546,1194
OC,2021-05-02,62651,1194
OC,2021-05-03,62725,1194
OC,2021-05-04,62756,1200
OC,2021-05-05,62788,1200
OC,2021-05-06,63176,1201
OC,2021-05-07,63200,1201
OC,2021-05-08,63226,1201
OC,2021-05-09,63241,1201
OC,2021-05-10,63715,1201
OC,2021-05-11,63740,1201
OC,2021-05-12,64668,1210
OC,2021-05-13,64922,1214
OC,2021-05-14,65395,1217
OC,2021-05-15,65419,1217
OC,2021-05-16,65439,1217
OC,2021-05-17,65449,1217
OC,2021-05-18,65960,1217
OC,2021-05-19,66122,1220
OC,2021-05-20,66713,1235
OC,2021-05-21,66732,1235
OC,2021-05-22,66750,1235
OC,2021-05-23,66782,1235
OC,2021-05-24,67081,1237
OC,2021-05-25,67149,1237
OC,2021-05-26,67339,1240
OC,2021-05-27,67437,1244
OC,2021-05-28,67637,1244
OC,2021-05-29,67873,1244
SA,2020-03-09,83,1
SA,2020-03-10,106,1
SA,2020-03-11,145,1
SA,2020-03-12,203,2
SA,2020-03-13,303,3
SA,2020-03-14,378,4
SA,2020-03-15,517,5
SA,2020-03-16,730,5
SA,2020-03-17,1024,6
SA,2020-03-18,1205,6
SA,2020-03-19,1880,16
SA,2020-03-20,2642,27
SA,2020-03-21,3184,38
SA,2020-03-22,4145,54
SA,2020-03-23,4961,69
SA,2020-03-24,5802,95
SA,2020-03-25,6745,116
SA,2020-03-26,7722,144
SA,2020-03-27,8930,175
SA,2020-03-28,10180,215
SA,2020-03-29,11323,259
SA,2020-03-30,12299,307
SA,2020-03-31,14510,381
SA,2020-04-01,16961,462
SA,2020-04-02,19240,597
SA,2020-04-03,21381,687
SA,2020-04-04,23487,823
SA,2020-04-05,25634,896
SA,2020-04-06,27445,1013
SA,2020-04-07,30630,1206
SA,2020-04-08,35478,1395
SA,2020-04-09,39621,1616
SA,2020-04-10,44992,1810
SA,2020-04-11,47914,1942
SA,2020-04-12,50598,2082
SA,2020-04-13,54709,2249
SA,2020-04-14,57706,2512
SA,2020-04-15,63191,2797
SA,2020-04-16,67608,3058
SA,2020-04-17,72548,3319
SA,2020-04-18,77990,3654
SA,2020-04-19,82169,3848
SA,2020-04-20,86476,4079
SA,2020-04-21,91276,4313
SA,2020-04-22,96510,4569
SA,2020-04-23,103200,5068
SA,2020-04-24,120015,5530
SA,2020-04-25,130971,5997
SA,2020-04-26,137869,6287
SA,2020-04-27,143862,6717
SA,2020-04-28,155224,7569
SA,2020-04-29,165833,8145
SA,2020-04-30,176835,8703
SA,2020-05-01,190120,9481
SA,2020-05-02,199623,10236
SA,2020-05-03,211720,10836
SA,2020-05-04,223874,11254
SA,2020-05-05,236714,11980
SA,2020-05-06,253619,12804
SA,2020-05-07,266864,13533
SA,2020-05-08,283677,14578
SA,2020-05-09,297952,15393
SA,2020-05-10,310080,16385
SA,2020-05-11,319319,16911
SA,2020-05-12,335646,18109
SA,2020-05-13,355296,19026
SA,2020-05-14,377196,20039
SA,2020-05-15,393996,20852
SA,2020-05-16,410801,21666
SA,2020-05-17,427605,22483
SA,2020-05-18,444410,23297
SA,2020-05-19,487679,25479
SA,2020-05-20,518332,26591
SA,2020-05-21,547812,28044
SA,2020-05-22,578209,29362
SA,2020-05-23,604912,30589
SA,2020-05-24,631091,31469
SA,2020-05-25,654412,32590
SA,2020-05-26,682628,33894
SA,2020-05-27,716817,35332
SA,2020-05-28,757485,36961
SA,2020-05-29,800035,38176
SA,2020-05-30,844642,39316
SA,2020-05-31,877968,40082
SA,2020-06-01,905269,41052
SA,2020-06-02,940755,42525
SA,2020-06-03,985067,44225
SA,2020-06-04,1027110,45921
SA,2020-06-05,1071710,47438
SA,2020-06-06,1112454,48682
SA,2020-06-07,1146498,50223
SA,2020-06-08,1176208,51328
SA,2020-06-09,1218897,52845
SA,2020-06-10,1267144,54624
SA,2020-06-11,1313011,56374
SA,2020-06-12,1355408,57845
SA,2020-06-13,1387796,59116
SA,2020-06-14,1425725,60458
SA,2020-06-15,1462575,61541
SA,2020-06-16,1513718,63263
SA,2020-06-17,1554190,65069
SA,2020-06-18,1626228,66906
SA,2020-06-19,1698062,68786
SA,2020-06-20,1744139,70285
SA,2020-06-21,1778895,71492
SA,2020-06-22,1816116,72581
SA,2020-06-23,1868349,74330
SA,2020-06-24,1923993,75992
SA,2020-06-25,1985018,77851
SA,2020-06-26,2049032,79542
SA,2020-06-27,2101816,81207
SA,2020-06-28,2144509,82326
SA,2020-06-29,2186320,83611
SA,2020-06-30,2235256,85369
SA,2020-07-01,2298700,86987
SA,2020-07-02,2362240,88966
SA,2020-07-03,2420497,90864
SA,2020-07-04,2472091,92633
SA,2020-07-05,2513321,93682
SA,2020-07-06,2549295,94923
SA,2020-07-07,2613643,96776
SA,2020-07-08,2670635,98564
SA,2020-07-09,2731842,100341
SA,2020-07-10,2796083,102268
SA,2020-07-11,2851194,103915
SA,2020-07-12,2893369,105153
SA,2020-07-13,2930656,106437
SA,2020-07-14,2990545,108301
SA,2020-07-15,3039539,110015
SA,2020-07-16,3114048,112247
SA,2020-07-17,3171983,115015
SA,2020-07-18,3220069,116491
SA,2020-07-19,3265337,117892
SA,2020-07-20,3306251,119296
SA,2020-07-21,3373723,121361
SA,2020-07-22,3461105,123113
SA,2020-07-23,3543628,129133
SA,2020-07-24,3624680,131083
SA,2020-07-25,3694414,132981
SA,2020-07-26,3735677,134002
SA,2020-07-27,3781896,135352
SA,2020-07-28,3850327,137095
SA,2020-07-29,3945048,139485
SA,2020-07-30,4028400,141611
SA,2020-07-31,4111816,143626
SA,2020-08-01,4177009,145305
SA,2020-08-02,4238645,146767
SA,2020-08-03,4285592,148328
SA,2020-08-04,4360898,150349
SA,2020-08-05,4445487,152494
SA,2020-08-06,4533935,154605
SA,2020-08-07,4615564,156520
SA,2020-08-08,4691801,158123
SA,2020-08-09,4742290,159446
SA,2020-08-10,4792244,160995
SA,2020-08-11,4870659,162935
SA,2020-08-12,4968460,165237
SA,2020-08-13,5057192,167310
SA,2020-08-14,5145626,173009
SA,2020-08-15,5209913,174457
SA,2020-08-16,5282627,176028
SA,2020-08-17,5322037,177359
SA,2020-08-18,5408394,179724
SA,2020-08-19,5482742,181686
SA,2020-08-20,5571690,183909
SA,2020-08-21,5625775,185733
SA,2020-08-22,5704532,187458
SA,2020-08-23,5764760,189048
SA,2020-08-24,5815134,190711
SA,2020-08-25,5886574,192589
SA,2020-08-26,5966514,194611
SA,2020-08-27,6039982,196435
SA,2020-08-28,6122251,198162
SA,2020-08-29,6198503,199937
SA,2020-08-30,6243158,201123
SA,2020-08-31,6311550,202340
SA,2020-09-01,6386993,204569
SA,2020-09-02,6467393,206646
SA,2020-09-03,6544486,208365
SA,2020-09-04,6614842,209958
SA,2020-09-05,6676627,211308
SA,2020-09-06,6719515,212437
SA,2020-09-07,6745637,218928
SA,2020-09-08,6789118,220210
SA,2020-09-09,6847735,222054
SA,2020-09-10,6933306,223954
SA,2020-09-11,7002496,225562
SA,2020-09-12,7072431,227102
SA,2020-09-13,7116167,228047
SA,2020-09-14,7159263,229266
SA,2020-09-15,7221536,230968
SA,2020-09-16,7284413,232515
SA,2020-09-17,7351998,234199
SA,2020-09-18,7428366,235775
SA,2020-09-19,7488940,237075
SA,2020-09-20,7525565,237944
SA,2020-09-21,7563703,239089
SA,2020-09-22,7613987,240297
SA,2020-09-23,7687327,242535
SA,2020-09-24,7752787,244467
SA,2020-09-25,7819271,246026
SA,2020-09-26,7873436,247644
SA,2020-09-27,7918781,248703
SA,2020-09-28,7958265,249776
SA,2020-09-29,8014743,251371
SA,2020-09-30,8075460,253082
SA,2020-10-01,8139304,254372
SA,2020-10-02,8187206,258825
SA,2020-10-03,8255937,260405
SA,2020-10-04,8286656,261418
SA,2020-10-05,8324664,262184
SA,2020-10-06,8392559,264074
SA,2020-10-07,8457075,265661
SA,2020-10-08,8517680,267658
SA,2020-10-09,8572974,269150
SA,2020-10-10,8638731,270437
SA,2020-10-11,8667893,271314
SA,2020-10-12,8699668,272217
SA,2020-10-13,8737975,273300
SA,2020-10-14,8789281,274633
SA,2020-10-15,8852548,276208
SA,2020-10-16,8915404,277733
SA,2020-10-17,8965616,278935
SA,2020-10-18,8998809,279595
SA,2020-10-19,9041775,280703
SA,2020-10-20,9097026,282069
SA,2020-10-21,9155227,283425
SA,2020-10-22,9218842,284756
SA,2020-10-23,9274578,286046
SA,2020-10-24,9328323,287085
SA,2020-10-25,9366390,287919
SA,2020-10-26,9408754,288955
SA,2020-10-27,9466108,290287
SA,2020-10-28,9523308,291404
SA,2020-10-29,9582391,292719
SA,2020-10-30,9635179,293938
SA,2020-10-31,9678216,294850
SA,2020-11-01,9710278,295530
SA,2020-11-02,9732945,295976
SA,2020-11-03,9778589,297449
SA,2020-11-04,9817408,298342
SA,2020-11-05,9878413,300030
SA,2020-11-06,9924974,301010
SA,2020-11-07,9969028,301847
SA,2020-11-08,9999086,302490
SA,2020-11-09,10027613,303397
SA,2020-11-10,10076559,304144
SA,2020-11-11,10149995,305395
SA,2020-11-12,10210427,306906
SA,2020-11-13,10273365,308093
SA,2020-11-14,10325932,309399
SA,2020-11-15,10358507,309986
SA,2020-11-16,10391207,310864
SA,2020-11-17,10447366,312137
SA,2020-11-18,10503626,313420
SA,2020-11-19,10562743,314591
SA,2020-11-20,10623018,315728
SA,2020-11-21,10678111,316562
SA,2020-11-22,10713749,317184
SA,2020-11-23,10745285,317966
SA,2020-11-24,10798207,319245
SA,2020-11-25,10857637,320152
SA,2020-11-26,10928187,321726
SA,2020-11-27,10985566,322846
SA,2020-11-28,11060300,323835
SA,2020-11-29,11105277,324596
SA,2020-11-30,11144672,325477
SA,2020-12-01,11218623,326733
SA,2020-12-02,11287669,327908
SA,2020-12-03,11363237,329216
SA,2020-12-04,11431944,330451
SA,2020-12-05,11495115,331612
SA,2020-12-06,11540525,332414
SA,2020-12-07,11576995,333190
SA,2020-12-08,11641601,334396
SA,2020-12-09,11714443,335792
SA,2020-12-10,11787110,337086
SA,2020-12-11,11862553,338183
SA,2020-12-12,11925603,339270
SA,2020-12-13,11967932,339977
SA,2020-12-14,12014322,341060
SA,2020-12-15,12074333,342281
SA,2020-12-16,12164566,343630
SA,2020-12-17,12272244,345533
SA,2020-12-18,12353145,346866
SA,2020-12-19,12429870,348029
SA,2020-12-20,12477235,348849
SA,2020-12-21,12521425,349810
SA,2020-12-22,12604830,351466
SA,2020-12-23,12672833,352783
SA,2020-12-24,12762944,354062
SA,2020-12-25,12801517,354730
SA,2020-12-26,12857182,355805
SA,2020-12-27,12894672,356632
SA,2020-12-28,12931357,357399
SA,2020-12-29,13027244,359266
SA,2020-12-30,13114758,361034
SA,2020-12-31,13196356,362610
SA,2021-01-01,13239279,363337
SA,2021-01-02,13299558,364434
SA,2021-01-03,13338972,365212
SA,2021-01-04,13382861,366179
SA,2021-01-05,13465453,367771
SA,2021-01-06,13582828,369904
SA,2021-01-07,13712686,372100
SA,2021-01-08,13795148,373643
SA,2021-01-09,13899401,375545
SA,2021-01-10,13973873,376665
SA,2021-01-11,14025356,377704
SA,2021-01-12,14135951,379667
SA,2021-01-13,14223836,381455
SA,2021-01-14,14347457,383432
SA,2021-01-15,14467941,385376
SA,2021-01-16,14580765,387154
SA,2021-01-17,14650528,388361
SA,2021-01-18,14708990,389855
SA,2021-01-19,14813546,391936
SA,2021-01-20,14922521,394121
SA,2021-01-21,15023220,396281
SA,2021-01-22,15122048,398376
SA,2021-01-23,15222444,400417
SA,2021-01-24,15282907,401874
SA,2021-01-25,15344462,403421
SA,2021-01-26,15441914,405503
SA,2021-01-27,15541684,407673
SA,2021-01-28,15645601,410114
SA,2021-01-29,15740538,412165
SA,2021-01-30,15826291,414250
SA,2021-01-31,15890932,415712
SA,2021-02-01,15943669,417225
SA,2021-02-02,16032038,419303
SA,2021-02-03,16120632,421237
SA,2021-02-04,16221569,423637
SA,2021-02-05,16296326,425523
SA,2021-02-06,16386765,427532
SA,2021-02-07,16437236,428760
SA,2021-02-08,16471248,429826
SA,2021-02-09,16555253,432218
SA,2021-02-10,16641678,434217
SA,2021-02-11,16725907,436674
SA,2021-02-12,16805075,438627
SA,2021-02-13,16884280,440632
SA,2021-02-14,16926261,441844
SA,2021-02-15,16979816,443122
SA,2021-02-16,17051508,444776
SA,2021-02-17,17131507,446613
SA,2021-02-18,17209577,448962
SA,2021-02-19,17292481,451033
SA,2021-02-20,17384193,452954
SA,2021-02-21,17428969,453875
SA,2021-02-22,17481491,455264
SA,2021-02-23,17565736,457201
SA,2021-02-24,17653175,459049
SA,2021-02-25,17757213,461596
SA,2021-02-26,17845372,463394
SA,2021-02-27,17933083,465411
SA,2021-02-28,17990027,466667
SA,2021-03-01,18052495,468238
SA,2021-03-02,18127714,470275
SA,2021-03-03,18226251,472837
SA,2021-03-04,18331484,475569
SA,2021-03-05,18427840,477762
SA,2021-03-06,18525387,479835
SA,2021-03-07,18627780,481305
SA,2021-03-08,18685446,483082
SA,2021-03-09,18778006,485475
SA,2021-03-10,18885987,488339
SA,2021-03-11,19001582,491325
SA,2021-03-12,19110639,493872
SA,2021-03-13,19212028,496364
SA,2021-03-14,19280403,497853
SA,2021-03-15,19338533,499500
SA,2021-03-16,19454851,503188
SA,2021-03-17,19581346,506587
SA,2021-03-18,19700528,509967
SA,2021-03-19,19829594,513398
SA,2021-03-20,19938752,516286
SA,2021-03-21,20017806,518052
SA,2021-03-22,20102150,520184
SA,2021-03-23,20218754,523904
SA,2021-03-24,20342179,526613
SA,2021-03-25,20483220,530006
SA,2021-03-26,20610497,534262
SA,2021-03-27,20739358,538309
SA,2021-03-28,20822485,540650
SA,2021-03-29,20892859,543348
SA,2021-03-30,21028176,547818
SA,2021-03-31,21166332,552480
SA,2021-04-01,21303144,556640
SA,2021-04-02,21432017,560536
SA,2021-04-03,21511275,562978
SA,2021-04-04,21583025,565050
SA,2021-04-05,21674683,567781
SA,2021-04-06,21810676,572886
SA,2021-04-07,21913389,576562
SA,2021-04-08,22117387,583058
SA,2021-04-09,22268741,587724
SA,2021-04-10,22411076,591760
SA,2021-04-11,22497146,594316
SA,2021-04-12,22594356,597023
SA,2021-04-13,22740779,602034
SA,2021-04-14,22882384,606810
SA,2021-04-15,23024468,611819
SA,2021-04-16,23188509,616568
SA,2021-04-17,23318417,620720
SA,2021-04-18,23410598,623026
SA,2021-04-19,23498454,625977
SA,2021-04-20,23626572,630264
SA,2021-04-21,23783518,635642
SA,2021-04-22,23897765,639251
SA,2021-04-23,24038691,643772
SA,2021-04-24,24186935,648672
SA,2021-04-25,24263742,650885
SA,2021-04-26,24354125,653976
SA,2021-04-27,24493234,659075
SA,2021-04-28,24629287,663248
SA,2021-04-29,24768004,668193
SA,2021-04-30,24914608,673038
SA,2021-05-01,25026701,676427
SA,2021-05-02,25103186,678912
SA,2021-05-03,25184602,681637
SA,2021-05-04,25308687,686034
SA,2021-05-05,25444547,690513
SA,2021-05-06,25580871,694615
SA,2021-05-07,25719598,698211
SA,2021-05-08,25848497,701990
SA,2021-05-09,25928819,704294
SA,2021-05-10,26008444,706940
SA,2021-05-11,26133865,710541
SA,2021-05-12,26275826,714777
SA,2021-05-13,26428958,719111
SA,2021-05-14,26574726,722774
SA,2021-05-15,26708321,726491
SA,2021-05-16,26794831,728761
SA,2021-05-17,26887400,731482
SA,2021-05-18,27028236,735821
SA,2021-05-19,27185584,739951
SA,2021-05-20,27348318,744128
SA,2021-05-21,27504003,748144
SA,2021-05-22,27654780,751577
SA,2021-05-23,27756591,753856
SA,2021-05-24,27852785,756151
SA,2021-05-25,27989993,759967
SA,2021-05-26,28148139,763710
SA,2021-05-27,28309092,767706
SA,2021-05-28,28447945,771761
SA,2021-05-29,28463584,772284
