who_region_code,date,cases,deaths
AFRO,2020-03-09,36,0
AFRO,2020-03-10,39,0
AFRO,2020-03-11,47,0
AFRO,2020-03-12,68,2
AFRO,2020-03-13,81,2
AFRO,2020-03-14,124,3
AFRO,2020-03-15,185,4
AFRO,2020-03-16,221,4
AFRO,2020-03-17,261,5
AFRO,2020-03-18,343,7
AFRO,2020-03-19,471,10
AFRO,2020-03-20,595,13
AFRO,2020-03-21,798,22
AFRO,2020-03-22,971,26
AFRO,2020-03-23,1305,30
AFRO,2020-03-24,1679,34
AFRO,2020-03-25,2043,40
AFRO,2020-03-26,2505,49
AFRO,2020-03-27,2945,55
AFRO,2020-03-28,3190,64
AFRO,2020-03-29,3602,79
AFRO,2020-03-30,3933,89
AFRO,2020-03-31,4349,107
AFRO,2020-04-01,4840,132
AFRO,2020-04-02,5350,169
AFRO,2020-04-03,6014,201
AFRO,2020-04-04,6423,234
AFRO,2020-04-05,6913,273
AFRO,2020-04-06,7334,299
AFRO,2020-04-07,7787,325
AFRO,2020-04-08,8308,352
AFRO,2020-04-09,8884,385
AFRO,2020-04-10,9390,425
AFRO,2020-04-11,9783,454
AFRO,2020-04-12,10350,477
AFRO,2020-04-13,10836,505
AFRO,2020-04-14,11376,528
AFRO,2020-04-15,11907,555
AFRO,2020-04-16,12447,592
AFRO,2020-04-17,13202,628
AFRO,2020-04-18,14160,644
AFRO,2020-04-19,14945,687
AFRO,2020-04-20,15651,710
AFRO,2020-04-21,16365,726
AFRO,2020-04-22,17164,757
AFRO,2020-04-23,18147,781
AFRO,2020-04-24,19475,802
AFRO,2020-04-25,20259,836
AFRO,2020-04-26,21336,862
AFRO,2020-04-27,22103,874
AFRO,2020-04-28,23414,906
AFRO,2020-04-29,24983,943
AFRO,2020-04-30,26550,971
AFRO,2020-05-01,27765,1009
AFRO,2020-05-02,29279,1055
AFRO,2020-05-03,30383,1077
AFRO,2020-05-04,32291,1103
AFRO,2020-05-05,33912,1153
AFRO,2020-05-06,35391,1226
AFRO,2020-05-07,37638,1270
AFRO,2020-05-08,40496,1318
AFRO,2020-05-09,42649,1369
AFRO,2020-05-10,44536,1416
AFRO,2020-05-11,46797,1457
AFRO,2020-05-12,49230,1491
AFRO,2020-05-13,51472,1570
AFRO,2020-05-14,54068,1623
AFRO,2020-05-15,55974,1649
AFRO,2020-05-16,57896,1680
AFRO,2020-05-17,59816,1713
AFRO,2020-05-18,61738,1744
AFRO,2020-05-19,65746,1846
AFRO,2020-05-20,68369,1905
AFRO,2020-05-21,71556,1981
AFRO,2020-05-22,74346,2042
AFRO,2020-05-23,77166,2076
AFRO,2020-05-24,80319,2125
AFRO,2020-05-25,83177,2216
AFRO,2020-05-26,85910,2312
AFRO,2020-05-27,89625,2371
AFRO,2020-05-28,92868,2427
AFRO,2020-05-29,97273,2486
AFRO,2020-05-30,101401,2565
AFRO,2020-05-31,104370,2640
AFRO,2020-06-01,108648,2705
AFRO,2020-06-02,111965,2798
AFRO,2020-06-03,115560,2860
AFRO,2020-06-04,121105,2957
AFRO,2020-06-05,126580,3062
AFRO,2020-06-06,131322,3155
AFRO,2020-06-07,135821,3246
AFRO,2020-06-08,140916,3370
AFRO,2020-06-09,145603,3490
AFRO,2020-06-10,150314,3590
AFRO,2020-06-11,155999,3703
AFRO,2020-06-12,162330,3835
AFRO,2020-06-13,168453,3955
AFRO,2020-06-14,175302,4054
AFRO,2020-06-15,182853,4251
AFRO,2020-06-16,188214,4381
AFRO,2020-06-17,195482,4507
AFRO,2020-06-18,202189,4621
AFRO,2020-06-19,209677,4784
AFRO,2020-06-20,218762,4916
AFRO,2020-06-21,226219,5025
AFRO,2020-06-22,233414,5148
AFRO,2020-06-23,240791,5320
AFRO,2020-06-24,250038,5465
AFRO,2020-06-25,259595,5587
AFRO,2020-06-26,269452,5697
AFRO,2020-06-27,279987,5809
AFRO,2020-06-28,289021,5903
AFRO,2020-06-29,298201,6027
AFRO,2020-06-30,308013,6213
AFRO,2020-07-01,319077,6355
AFRO,2020-07-02,330580,6490
AFRO,2020-07-03,343613,6663
AFRO,2020-07-04,358401,6777
AFRO,2020-07-05,370141,6985
AFRO,2020-07-06,382586,7143
AFRO,2020-07-07,398415,7432
AFRO,2020-07-08,411734,7595
AFRO,2020-07-09,429350,7761
AFRO,2020-07-10,445334,7972
AFRO,2020-07-11,463324,8128
AFRO,2020-07-12,478659,8288
AFRO,2020-07-13,493435,8417
AFRO,2020-07-14,506653,8636
AFRO,2020-07-15,523238,8788
AFRO,2020-07-16,542226,9101
AFRO,2020-07-17,560935,9346
AFRO,2020-07-18,578744,9554
AFRO,2020-07-19,596082,9692
AFRO,2020-07-20,610196,9892
AFRO,2020-07-21,622726,10142
AFRO,2020-07-22,641294,10784
AFRO,2020-07-23,658610,11012
AFRO,2020-07-24,678522,11333
AFRO,2020-07-25,695860,11717
AFRO,2020-07-26,711738,11900
AFRO,2020-07-27,724483,12250
AFRO,2020-07-28,737081,12521
AFRO,2020-07-29,752308,12827
AFRO,2020-07-30,768812,13233
AFRO,2020-07-31,786139,13537
AFRO,2020-08-01,800342,13772
AFRO,2020-08-02,813557,14054
AFRO,2020-08-03,823219,14322
AFRO,2020-08-04,831261,14740
AFRO,2020-08-05,845274,15241
AFRO,2020-08-06,857707,15626
AFRO,2020-08-07,869659,16021
AFRO,2020-08-08,882186,16389
AFRO,2020-08-09,892681,16695
AFRO,2020-08-10,899830,16964
AFRO,2020-08-11,906187,17179
AFRO,2020-08-12,913211,17537
AFRO,2020-08-13,921593,17877
AFRO,2020-08-14,932146,18240
AFRO,2020-08-15,941294,18428
AFRO,2020-08-16,948806,18668
AFRO,2020-08-17,955806,18884
AFRO,2020-08-18,962257,19244
AFRO,2020-08-19,970728,19517
AFRO,2020-08-20,979346,19794
AFRO,2020-08-21,987182,20075
AFRO,2020-08-22,995087,20278
AFRO,2020-08-23,1002129,20402
AFRO,2020-08-24,1007734,20554
AFRO,2020-08-25,1013334,20776
AFRO,2020-08-26,1019766,21041
AFRO,2020-08-27,1026088,21227
AFRO,2020-08-28,1031853,21384
AFRO,2020-08-29,1037829,21662
AFRO,2020-08-30,1043892,21762
AFRO,2020-08-31,1048581,21930
AFRO,2020-09-01,1053194,22096
AFRO,2020-09-02,1058749,22275
AFRO,2020-09-03,1064734,22530
AFRO,2020-09-04,1070312,22699
AFRO,2020-09-05,1074908,22850
AFRO,2020-09-06,1079331,23008
AFRO,2020-09-07,1083391,23167
AFRO,2020-09-08,1087825,23310
AFRO,2020-09-09,1092796,23459
AFRO,2020-09-10,1097804,23572
AFRO,2020-09-11,1102308,23731
AFRO,2020-09-12,1106575,23824
AFRO,2020-09-13,1110436,23888
AFRO,2020-09-14,1113615,23986
AFRO,2020-09-15,1116884,24182
AFRO,2020-09-16,1121261,24297
AFRO,2020-09-17,1125861,24410
AFRO,2020-09-18,1130604,24535
AFRO,2020-09-19,1135282,24654
AFRO,2020-09-20,1139162,24702
AFRO,2020-09-21,1142494,24774
AFRO,2020-09-22,1146241,24948
AFRO,2020-09-23,1150624,25092
AFRO,2020-09-24,1154838,25199
AFRO,2020-09-25,1158511,25260
AFRO,2020-09-26,1161354,25360
AFRO,2020-09-27,1164914,25413
AFRO,2020-09-28,1168261,25638
AFRO,2020-09-29,1171469,25760
AFRO,2020-09-30,1176012,25865
AFRO,2020-10-01,1179927,26021
AFRO,2020-10-02,1184364,26109
AFRO,2020-10-03,1188708,26163
AFRO,2020-10-04,1192491,26226
AFRO,2020-10-05,1195289,26300
AFRO,2020-10-06,1198143,26430
AFRO,2020-10-07,1202445,26611
AFRO,2020-10-08,1206779,26804
AFRO,2020-10-09,1211147,26977
AFRO,2020-10-10,1216262,27143
AFRO,2020-10-11,1220183,27278
AFRO,2020-10-12,1223486,27416
AFRO,2020-10-13,1226895,27616
AFRO,2020-10-14,1231796,27785
AFRO,2020-10-15,1236441,27971
AFRO,2020-10-16,1241140,28102
AFRO,2020-10-17,1246998,28183
AFRO,2020-10-18,1251383,28281
AFRO,2020-10-19,1255674,28339
AFRO,2020-10-20,1259100,28531
AFRO,2020-10-21,1263869,28674
AFRO,2020-10-22,1269508,28822
AFRO,2020-10-23,1274081,28914
AFRO,2020-10-24,1278923,29024
AFRO,2020-10-25,1283185,29075
AFRO,2020-10-26,1286897,29169
AFRO,2020-10-27,1290574,29257
AFRO,2020-10-28,1295519,29351
AFRO,2020-10-29,1301211,29464
AFRO,2020-10-30,1306862,29580
AFRO,2020-10-31,1311709,29652
AFRO,2020-11-01,1316069,29850
AFRO,2020-11-02,1319427,29947
AFRO,2020-11-03,1323294,30050
AFRO,2020-11-04,1329480,30162
AFRO,2020-11-05,1336052,30306
AFRO,2020-11-06,1341248,30440
AFRO,2020-11-07,1346358,30513
AFRO,2020-11-08,1351262,30575
AFRO,2020-11-09,1355790,30666
AFRO,2020-11-10,1360905,30825
AFRO,2020-11-11,1366812,30958
AFRO,2020-11-12,1373855,31084
AFRO,2020-11-13,1380362,31219
AFRO,2020-11-14,1386510,31305
AFRO,2020-11-15,1391678,31422
AFRO,2020-11-16,1397321,31558
AFRO,2020-11-17,1402987,31729
AFRO,2020-11-18,1410027,31923
AFRO,2020-11-19,1417478,32092
AFRO,2020-11-20,1425254,32244
AFRO,2020-11-21,1432242,32394
AFRO,2020-11-22,1438176,32512
AFRO,2020-11-23,1444169,32636
AFRO,2020-11-24,1450357,32809
AFRO,2020-11-25,1457851,32975
AFRO,2020-11-26,1465064,33108
AFRO,2020-11-27,1471387,33241
AFRO,2020-11-28,1480870,33364
AFRO,2020-11-29,1486659,33443
AFRO,2020-11-30,1492841,33565
AFRO,2020-12-01,1498059,33704
AFRO,2020-12-02,1506970,33830
AFRO,2020-12-03,1515215,33974
AFRO,2020-12-04,1526806,34193
AFRO,2020-12-05,1535407,34342
AFRO,2020-12-06,1543040,34524
AFRO,2020-12-07,1549442,34613
AFRO,2020-12-08,1557992,34868
AFRO,2020-12-09,1570582,35077
AFRO,2020-12-10,1584074,35320
AFRO,2020-12-11,1597208,35576
AFRO,2020-12-12,1610126,35795
AFRO,2020-12-13,1621508,36002
AFRO,2020-12-14,1629760,36227
AFRO,2020-12-15,1641927,36498
AFRO,2020-12-16,1656597,36721
AFRO,2020-12-17,1670979,36964
AFRO,2020-12-18,1684455,37311
AFRO,2020-12-19,1700418,37624
AFRO,2020-12-20,1713513,37833
AFRO,2020-12-21,1725510,38111
AFRO,2020-12-22,1739305,38494
AFRO,2020-12-23,1758614,38969
AFRO,2020-12-24,1778267,39569
AFRO,2020-12-25,1798301,39926
AFRO,2020-12-26,1814013,40223
AFRO,2020-12-27,1827598,40508
AFRO,2020-12-28,1837190,40881
AFRO,2020-12-29,1851201,41444
AFRO,2020-12-30,1873941,41999
AFRO,2020-12-31,1898532,42527
AFRO,2021-01-01,1920089,43026
AFRO,2021-01-02,1939041,43417
AFRO,2021-01-03,1955997,43870
AFRO,2021-01-04,1973538,44359
AFRO,2021-01-05,1994460,44993
AFRO,2021-01-06,2020651,45058
AFRO,2021-01-07,2051893,46449
AFRO,2021-01-08,2083470,47209
AFRO,2021-01-09,2111458,47714
AFRO,2021-01-10,2138446,48156
AFRO,2021-01-11,2160300,48667
AFRO,2021-01-12,2180192,49563
AFRO,2021-01-13,2207186,50512
AFRO,2021-01-14,2235570,51378
AFRO,2021-01-15,2260804,52150
AFRO,2021-01-16,2284531,52651
AFRO,2021-01-17,2303768,52975
AFRO,2021-01-18,2321238,53541
AFRO,2021-01-19,2341600,54594
AFRO,2021-01-20,2363367,55339
AFRO,2021-01-21,2383109,56121
AFRO,2021-01-22,2407033,56917
AFRO,2021-01-23,2428906,57576
AFRO,2021-01-24,2444414,58050
AFRO,2021-01-25,2458690,58462
AFRO,2021-01-26,2472445,59375
AFRO,2021-01-27,2489798,60237
AFRO,2021-01-28,2504683,61017
AFRO,2021-01-29,2521396,61699
AFRO,2021-01-30,2535210,62102
AFRO,2021-01-31,2548017,62479
AFRO,2021-02-01,2556513,62847
AFRO,2021-02-02,2570611,63585
AFRO,2021-02-03,2582009,64110
AFRO,2021-02-04,2596439,64531
AFRO,2021-02-05,2608191,64930
AFRO,2021-02-06,2619857,65357
AFRO,2021-02-07,2628770,65583
AFRO,2021-02-08,2638379,65891
AFRO,2021-02-09,2647943,66451
AFRO,2021-02-10,2659096,66851
AFRO,2021-02-11,2669097,67212
AFRO,2021-02-12,2680239,67679
AFRO,2021-02-13,2688098,67922
AFRO,2021-02-14,2697702,68116
AFRO,2021-02-15,2705378,68445
AFRO,2021-02-16,2713102,68774
AFRO,2021-02-17,2723954,69077
AFRO,2021-02-18,2734620,69470
AFRO,2021-02-19,2744058,69745
AFRO,2021-02-20,2750977,69923
AFRO,2021-02-21,2759589,70132
AFRO,2021-02-22,2766720,70378
AFRO,2021-02-23,2771932,70741
AFRO,2021-02-24,2780832,70940
AFRO,2021-02-25,2788646,71166
AFRO,2021-02-26,2798680,71405
AFRO,2021-02-27,2804851,71647
AFRO,2021-02-28,2810554,71760
AFRO,2021-03-01,2817084,71846
AFRO,2021-03-02,2823452,72224
AFRO,2021-03-03,2832314,72413
AFRO,2021-03-04,2841056,72595
AFRO,2021-03-05,2847503,72773
AFRO,2021-03-06,2855790,72946
AFRO,2021-03-07,2860695,73041
AFRO,2021-03-08,2867838,73308
AFRO,2021-03-09,2873724,73499
AFRO,2021-03-10,2881073,73671
AFRO,2021-03-11,2891862,73861
AFRO,2021-03-12,2900132,74030
AFRO,2021-03-13,2908436,74238
AFRO,2021-03-14,2913939,74355
AFRO,2021-03-15,2919635,74543
AFRO,2021-03-16,2925839,74766
AFRO,2021-03-17,2933662,74925
AFRO,2021-03-18,2942009,75098
AFRO,2021-03-19,2950832,75507
AFRO,2021-03-20,2958570,75632
AFRO,2021-03-21,2965564,75755
AFRO,2021-03-22,2972725,75932
AFRO,2021-03-23,2979355,76096
AFRO,2021-03-24,2986957,76290
AFRO,2021-03-25,2996164,76575
AFRO,2021-03-26,3011385,76841
AFRO,2021-03-27,3018435,76947
AFRO,2021-03-28,3024343,77037
AFRO,2021-03-29,3031339,77229
AFRO,2021-03-30,3038744,77414
AFRO,2021-03-31,3046742,77559
AFRO,2021-04-01,3053523,77678
AFRO,2021-04-02,3073425,77995
AFRO,2021-04-03,3079317,78073
AFRO,2021-04-04,3084303,78185
AFRO,2021-04-05,3089966,78297
AFRO,2021-04-06,3095849,78422
AFRO,2021-04-07,3101965,78577
AFRO,2021-04-08,3115048,78780
AFRO,2021-04-09,3123368,78936
AFRO,2021-04-10,3129825,79047
AFRO,2021-04-11,3135279,79190
AFRO,2021-04-12,3142229,79352
AFRO,2021-04-13,3148610,79513
AFRO,2021-04-14,3156990,79682
AFRO,2021-04-15,3164873,79829
AFRO,2021-04-16,3171734,79984
AFRO,2021-04-17,3181643,80133
AFRO,2021-04-18,3186793,80239
AFRO,2021-04-19,3192040,80351
AFRO,2021-04-20,3198251,80600
AFRO,2021-04-21,3205270,80755
AFRO,2021-04-22,3213118,80914
AFRO,2021-04-23,3220675,81113
AFRO,2021-04-24,3226929,81243
AFRO,2021-04-25,3232264,81341
AFRO,2021-04-26,3236002,81467
AFRO,2021-04-27,3242026,81643
AFRO,2021-04-28,3247893,81794
AFRO,2021-04-29,3259598,82043
AFRO,2021-04-30,3265166,82134
AFRO,2021-05-01,3269821,82268
AFRO,2021-05-02,3273307,82361
AFRO,2021-05-03,3277406,82497
AFRO,2021-05-04,3281401,82631
AFRO,2021-05-05,3288171,82776
AFRO,2021-05-06,3296964,82974
AFRO,2021-05-07,3302208,83109
AFRO,2021-05-08,3307727,83229
AFRO,2021-05-09,3311911,83290
AFRO,2021-05-10,3316380,83423
AFRO,2021-05-11,3320661,83578
AFRO,2021-05-12,3326942,83743
AFRO,2021-05-13,3333601,83856
AFRO,2021-05-14,3340722,84023
AFRO,2021-05-15,3345614,84139
AFRO,2021-05-16,3349746,84213
AFRO,2021-05-17,3355498,84357
AFRO,2021-05-18,3363627,84531
AFRO,2021-05-19,3370120,84760
AFRO,2021-05-20,3377930,84877
AFRO,2021-05-21,3384041,85107
AFRO,2021-05-22,3391300,85213
AFRO,2021-05-23,3395734,85286
AFRO,2021-05-24,3401592,85450
AFRO,2021-05-25,3409364,85621
AFRO,2021-05-26,3416630,85805
AFRO,2021-05-27,3423585,85962
AFRO,2021-05-28,3433309,86165
AFRO,2021-05-29,3440806,86276
AFRO,2021-05-30,3443652,86342
AFRO,2021-05-31,3452551,86562
AFRO,2021-06-01,3461376,86730
AFRO,2021-06-02,3470406,86894
AFRO,2021-06-03,3480312,87035
AFRO,2021-06-04,3492194,87185
AFRO,2021-06-05,3502158,87347
AFRO,2021-06-06,3511392,87474
AFRO,2021-06-07,3519376,87642
AFRO,2021-06-08,3529082,87886
AFRO,2021-06-09,3545445,88102
AFRO,2021-06-10,3560065,88262
AFRO,2021-06-11,3575117,88531
AFRO,2021-06-12,3592879,88744
AFRO,2021-06-13,3605664,88883
AFRO,2021-06-14,3618302,89117
AFRO,2021-06-15,3635520,89439
AFRO,2021-06-16,3655558,89706
AFRO,2021-06-17,3677952,89938
AFRO,2021-06-18,3697271,90186
AFRO,2021-06-19,3717757,90472
AFRO,2021-06-20,3735605,90716
AFRO,2021-06-21,3752702,90920
AFRO,2021-06-22,3771536,91509
AFRO,2021-06-23,3799970,91869
AFRO,2021-06-24,3825138,92192
AFRO,2021-06-25,3854830,92606
AFRO,2021-06-26,3881624,92932
AFRO,2021-06-27,3903563,93217
AFRO,2021-06-28,3922069,93555
AFRO,2021-06-29,3943111,93941
AFRO,2021-06-30,3973105,94515
AFRO,2021-07-01,4005926,95104
AFRO,2021-07-02,4041955,95649
AFRO,2021-07-03,4076408,95982
AFRO,2021-07-04,4101018,96439
AFRO,2021-07-05,4123821,97802
AFRO,2021-07-06,4147954,98452
AFRO,2021-07-07,4177038,99013
AFRO,2021-07-08,4214041,99717
AFRO,2021-07-09,4245016,100256
AFRO,2021-07-10,4281285,100769
AFRO,2021-07-11,4304625,101112
AFRO,2021-07-12,4322435,101480
AFRO,2021-07-13,4353518,102410
AFRO,2021-07-14,4383868,103091
AFRO,2021-07-15,4419857,103789
AFRO,2021-07-16,4444461,104357
AFRO,2021-07-17,4471704,104907
AFRO,2021-07-18,4496021,105396
AFRO,2021-07-19,4521774,105949
AFRO,2021-07-20,4538498,106679
AFRO,2021-07-21,4568508,107430
AFRO,2021-07-22,4604155,108253
AFRO,2021-07-23,4629548,108942
AFRO,2021-07-24,4654180,109604
AFRO,2021-07-25,4672474,110097
AFRO,2021-07-26,4690102,110600
AFRO,2021-07-27,4721006,111484
AFRO,2021-07-28,4751861,112244
AFRO,2021-07-29,4784399,113134
AFRO,2021-07-30,4811436,113658
AFRO,2021-07-31,4834137,114178
AFRO,2021-08-01,4852856,114667
AFRO,2021-08-02,4878858,115276
AFRO,2021-08-03,4883196,115368
AMRO,2020-03-09,810,24
AMRO,2020-03-10,1208,32
AMRO,2020-03-11,1599,41
AMRO,2020-03-12,2111,45
AMRO,2020-03-13,2845,53
AMRO,2020-03-14,3605,63
AMRO,2020-03-15,4708,76
AMRO,2020-03-16,6062,98
AMRO,2020-03-17,8365,128
AMRO,2020-03-18,9737,136
AMRO,2020-03-19,17098,245
AMRO,2020-03-20,23867,306
AMRO,2020-03-21,29706,375
AMRO,2020-03-22,39624,507
AMRO,2020-03-23,51986,660
AMRO,2020-03-24,63698,843
AMRO,2020-03-25,77838,1115
AMRO,2020-03-26,97725,1427
AMRO,2020-03-27,118786,1887
AMRO,2020-03-28,142415,2556
AMRO,2020-03-29,163236,2894
AMRO,2020-03-30,187262,3658
AMRO,2020-03-31,215202,4473
AMRO,2020-04-01,246675,5836
AMRO,2020-04-02,280663,6834
AMRO,2020-04-03,317185,8501
AMRO,2020-04-04,354522,9738
AMRO,2020-04-05,384939,11063
AMRO,2020-04-06,417224,12514
AMRO,2020-04-07,452907,14744
AMRO,2020-04-08,491843,16901
AMRO,2020-04-09,538217,19226
AMRO,2020-04-10,580801,21583
AMRO,2020-04-11,615900,23711
AMRO,2020-04-12,648808,25553
AMRO,2020-04-13,681179,27330
AMRO,2020-04-14,711924,30134
AMRO,2020-04-15,751226,33150
AMRO,2020-04-16,791449,39725
AMRO,2020-04-17,831448,42703
AMRO,2020-04-18,868436,45134
AMRO,2020-04-19,901175,47136
AMRO,2020-04-20,937523,49486
AMRO,2020-04-21,969537,52659
AMRO,2020-04-22,1007580,55545
AMRO,2020-04-23,1049834,58556
AMRO,2020-04-24,1114699,61623
AMRO,2020-04-25,1164445,64567
AMRO,2020-04-26,1202309,66239
AMRO,2020-04-27,1232270,68114
AMRO,2020-04-28,1273937,71812
AMRO,2020-04-29,1315884,75053
AMRO,2020-04-30,1361581,78205
AMRO,2020-05-01,1414859,81236
AMRO,2020-05-02,1456847,83961
AMRO,2020-05-03,1501934,85959
AMRO,2020-05-04,1541725,87803
AMRO,2020-05-05,1583228,91391
AMRO,2020-05-06,1625104,94667
AMRO,2020-05-07,1675737,98473
AMRO,2020-05-08,1725540,101627
AMRO,2020-05-09,1769994,104238
AMRO,2020-05-10,1806077,106353
AMRO,2020-05-11,1837154,108121
AMRO,2020-05-12,1879505,111241
AMRO,2020-05-13,1924571,114467
AMRO,2020-05-14,1976577,117689
AMRO,2020-05-15,2016171,119826
AMRO,2020-05-16,2055775,121967
AMRO,2020-05-17,2095376,124114
AMRO,2020-05-18,2134980,126255
AMRO,2020-05-19,2223629,131410
AMRO,2020-05-20,2279615,134387
AMRO,2020-05-21,2342071,137764
AMRO,2020-05-22,2402434,140979
AMRO,2020-05-23,2456624,143848
AMRO,2020-05-24,2507336,145623
AMRO,2020-05-25,2556525,147614
AMRO,2020-05-26,2608983,150029
AMRO,2020-05-27,2669280,153665
AMRO,2020-05-28,2738282,157122
AMRO,2020-05-29,2811706,160134
AMRO,2020-05-30,2884715,162778
AMRO,2020-05-31,2944333,164803
AMRO,2020-06-01,2998842,166715
AMRO,2020-06-02,3060567,169668
AMRO,2020-06-03,3131806,173054
AMRO,2020-06-04,3201911,177055
AMRO,2020-06-05,3283208,180700
AMRO,2020-06-06,3365657,183435
AMRO,2020-06-07,3424298,185752
AMRO,2020-06-08,3478686,187702
AMRO,2020-06-09,3546086,190782
AMRO,2020-06-10,3620974,194245
AMRO,2020-06-11,3699143,197717
AMRO,2020-06-12,3775128,200653
AMRO,2020-06-13,3841883,203248
AMRO,2020-06-14,3905127,205423
AMRO,2020-06-15,3969711,207276
AMRO,2020-06-16,4053126,210393
AMRO,2020-06-17,4125516,213832
AMRO,2020-06-18,4234924,217224
AMRO,2020-06-19,4348296,220625
AMRO,2020-06-20,4438081,223492
AMRO,2020-06-21,4507199,225434
AMRO,2020-06-22,4584246,227972
AMRO,2020-06-23,4680401,231467
AMRO,2020-06-24,4784463,234822
AMRO,2020-06-25,4890339,238300
AMRO,2020-06-26,5017626,243557
AMRO,2020-06-27,5123113,246607
AMRO,2020-06-28,5215174,248710
AMRO,2020-06-29,5308995,250686
AMRO,2020-06-30,5412213,254360
AMRO,2020-07-01,5534920,257380
AMRO,2020-07-02,5664955,260910
AMRO,2020-07-03,5792105,264333
AMRO,2020-07-04,5900126,267083
AMRO,2020-07-05,5998888,268996
AMRO,2020-07-06,6103946,271033
AMRO,2020-07-07,6232394,274440
AMRO,2020-07-08,6363074,278185
AMRO,2020-07-09,6497181,281914
AMRO,2020-07-10,6645046,285431
AMRO,2020-07-11,6776678,288666
AMRO,2020-07-12,6886789,290940
AMRO,2020-07-13,6997936,293015
AMRO,2020-07-14,7133860,296388
AMRO,2020-07-15,7266394,300027
AMRO,2020-07-16,7420704,303922
AMRO,2020-07-17,7573045,308421
AMRO,2020-07-18,7698687,311634
AMRO,2020-07-19,7823297,314157
AMRO,2020-07-20,7942425,316499
AMRO,2020-07-21,8084605,320080
AMRO,2020-07-22,8256799,324103
AMRO,2020-07-23,8421363,332216
AMRO,2020-07-24,8596420,336207
AMRO,2020-07-25,8744362,339860
AMRO,2020-07-26,8852268,342172
AMRO,2020-07-27,8975704,344599
AMRO,2020-07-28,9116408,348553
AMRO,2020-07-29,9288077,353405
AMRO,2020-07-30,9454157,357615
AMRO,2020-07-31,9626915,362187
AMRO,2020-08-01,9763185,365761
AMRO,2020-08-02,9890096,368638
AMRO,2020-08-03,9994075,371124
AMRO,2020-08-04,10134775,374861
AMRO,2020-08-05,10286948,379314
AMRO,2020-08-06,10441860,383542
AMRO,2020-08-07,10602836,387755
AMRO,2020-08-08,10744453,391259
AMRO,2020-08-09,10856735,393936
AMRO,2020-08-10,10964621,396415
AMRO,2020-08-11,11108700,400568
AMRO,2020-08-12,11275526,405499
AMRO,2020-08-13,11428960,409636
AMRO,2020-08-14,11593396,417250
AMRO,2020-08-15,11720784,420474
AMRO,2020-08-16,11842177,423302
AMRO,2020-08-17,11934763,425502
AMRO,2020-08-18,12070778,429498
AMRO,2020-08-19,12201693,433663
AMRO,2020-08-20,12347085,437753
AMRO,2020-08-21,12464053,442138
AMRO,2020-08-22,12597582,445492
AMRO,2020-08-23,12703157,448236
AMRO,2020-08-24,12801930,450707
AMRO,2020-08-25,12923559,454294
AMRO,2020-08-26,13056293,458337
AMRO,2020-08-27,13186983,462068
AMRO,2020-08-28,13330694,465581
AMRO,2020-08-29,13460600,468979
AMRO,2020-08-30,13550000,471288
AMRO,2020-08-31,13664903,473436
AMRO,2020-09-01,13795588,477200
AMRO,2020-09-02,13928661,481264
AMRO,2020-09-03,14050654,484714
AMRO,2020-09-04,14185931,487993
AMRO,2020-09-05,14303233,490782
AMRO,2020-09-06,14384564,492842
AMRO,2020-09-07,14445825,499952
AMRO,2020-09-08,14524848,502035
AMRO,2020-09-09,14630643,505870
AMRO,2020-09-10,14764236,509448
AMRO,2020-09-11,14892555,512906
AMRO,2020-09-12,15013827,515821
AMRO,2020-09-13,15099289,517593
AMRO,2020-09-14,15193456,519609
AMRO,2020-09-15,15302475,522811
AMRO,2020-09-16,15414446,526187
AMRO,2020-09-17,15537017,529150
AMRO,2020-09-18,15675910,532039
AMRO,2020-09-19,15790586,534780
AMRO,2020-09-20,15869628,536468
AMRO,2020-09-21,15960802,538295
AMRO,2020-09-22,16072942,540783
AMRO,2020-09-23,16196297,544853
AMRO,2020-09-24,16319509,548430
AMRO,2020-09-25,16446787,551365
AMRO,2020-09-26,16565698,554389
AMRO,2020-09-27,16653799,556185
AMRO,2020-09-28,16741435,557819
AMRO,2020-09-29,16851209,560654
AMRO,2020-09-30,16965226,563992
AMRO,2020-10-01,17088895,566814
AMRO,2020-10-02,17200220,572699
AMRO,2020-10-03,17334595,575638
AMRO,2020-10-04,17407959,577437
AMRO,2020-10-05,17499369,578893
AMRO,2020-10-06,17642927,584423
AMRO,2020-10-07,17774512,587568
AMRO,2020-10-08,17904449,590984
AMRO,2020-10-09,18034363,593908
AMRO,2020-10-10,18162812,596338
AMRO,2020-10-11,18248354,597850
AMRO,2020-10-12,18334289,599295
AMRO,2020-10-13,18434618,601435
AMRO,2020-10-14,18557302,604345
AMRO,2020-10-15,18697882,607378
AMRO,2020-10-16,18845603,610344
AMRO,2020-10-17,18963983,612729
AMRO,2020-10-18,19052718,614257
AMRO,2020-10-19,19166897,615996
AMRO,2020-10-20,19301171,618489
AMRO,2020-10-21,19435209,621772
AMRO,2020-10-22,19588115,624714
AMRO,2020-10-23,19746518,627548
AMRO,2020-10-24,19893532,629873
AMRO,2020-10-25,20006415,631684
AMRO,2020-10-26,20131799,633508
AMRO,2020-10-27,20273678,636159
AMRO,2020-10-28,20427496,639104
AMRO,2020-10-29,20588548,642067
AMRO,2020-10-30,20763480,644877
AMRO,2020-10-31,20906341,647323
AMRO,2020-11-01,21021722,648950
AMRO,2020-11-02,21135612,650053
AMRO,2020-11-03,21324119,653523
AMRO,2020-11-04,21484574,656244
AMRO,2020-11-05,21675152,659819
AMRO,2020-11-06,21875371,662728
AMRO,2020-11-07,22055417,665275
AMRO,2020-11-08,22209050,667000
AMRO,2020-11-09,22381336,668891
AMRO,2020-11-10,22583776,671302
AMRO,2020-11-11,22813644,674760
AMRO,2020-11-12,23057475,678276
AMRO,2020-11-13,23330385,681654
AMRO,2020-11-14,23562710,685004
AMRO,2020-11-15,23741718,686904
AMRO,2020-11-16,23952872,688923
AMRO,2020-11-17,24179205,692168
AMRO,2020-11-18,24430566,695895
AMRO,2020-11-19,24689044,699740
AMRO,2020-11-20,24974647,703603
AMRO,2020-11-21,25220105,706841
AMRO,2020-11-22,25417290,709032
AMRO,2020-11-23,25635077,711096
AMRO,2020-11-24,25898981,715072
AMRO,2020-11-25,26151607,719142
AMRO,2020-11-26,26370326,723207
AMRO,2020-11-27,26648121,726617
AMRO,2020-11-28,26907738,729656
AMRO,2020-11-29,27109349,731895
AMRO,2020-11-30,27327782,734247
AMRO,2020-12-01,27601622,738539
AMRO,2020-12-02,27898138,743631
AMRO,2020-12-03,28221436,748821
AMRO,2020-12-04,28545431,753613
AMRO,2020-12-05,28855646,758006
AMRO,2020-12-06,29099904,760618
AMRO,2020-12-07,29349866,763275
AMRO,2020-12-08,29653063,767747
AMRO,2020-12-09,29975713,773454
AMRO,2020-12-10,30299462,778901
AMRO,2020-12-11,30634710,783768
AMRO,2020-12-12,30996657,788263
AMRO,2020-12-13,31260196,791291
AMRO,2020-12-14,31526741,794351
AMRO,2020-12-15,31799303,798815
AMRO,2020-12-16,32144412,804721
AMRO,2020-12-17,32512911,810840
AMRO,2020-12-18,32873495,816071
AMRO,2020-12-19,33193985,821159
AMRO,2020-12-20,33467693,824305
AMRO,2020-12-21,33694645,827191
AMRO,2020-12-22,34005691,833227
AMRO,2020-12-23,34334026,839306
AMRO,2020-12-24,34660371,844626
AMRO,2020-12-25,34844986,847849
AMRO,2020-12-26,35097948,851189
AMRO,2020-12-27,35321222,853678
AMRO,2020-12-28,35548945,856795
AMRO,2020-12-29,35869763,862726
AMRO,2020-12-30,36234151,869770
AMRO,2020-12-31,36585240,876274
AMRO,2021-01-01,36813720,880420
AMRO,2021-01-02,37186104,884831
AMRO,2021-01-03,37461474,887754
AMRO,2021-01-04,37712832,890853
AMRO,2021-01-05,38102276,896923
AMRO,2021-01-06,38487429,904283
AMRO,2021-01-07,38932167,912192
AMRO,2021-01-08,39363552,918806
AMRO,2021-01-09,39768213,926004
AMRO,2021-01-10,40098394,930442
AMRO,2021-01-11,40397450,934135
AMRO,2021-01-12,40760620,941118
AMRO,2021-01-13,41123890,948918
AMRO,2021-01-14,41507797,956361
AMRO,2021-01-15,41915096,963650
AMRO,2021-01-16,42291070,970606
AMRO,2021-01-17,42561516,975141
AMRO,2021-01-18,42790791,978716
AMRO,2021-01-19,43091093,984227
AMRO,2021-01-20,43428154,992522
AMRO,2021-01-21,43756597,1000928
AMRO,2021-01-22,44081917,1009242
AMRO,2021-01-23,44397617,1016604
AMRO,2021-01-24,44632256,1021752
AMRO,2021-01-25,44854174,1025776
AMRO,2021-01-26,45137656,1032663
AMRO,2021-01-27,45408213,1040578
AMRO,2021-01-28,45704961,1049163
AMRO,2021-01-29,45997233,1056690
AMRO,2021-01-30,46280487,1063898
AMRO,2021-01-31,46494624,1069284
AMRO,2021-02-01,46690226,1073159
AMRO,2021-02-02,46928540,1079951
AMRO,2021-02-03,47148586,1086181
AMRO,2021-02-04,47394582,1095762
AMRO,2021-02-05,47625225,1103338
AMRO,2021-02-06,47860904,1110023
AMRO,2021-02-07,48025240,1114461
AMRO,2021-02-08,48158485,1117479
AMRO,2021-02-09,48351047,1123715
AMRO,2021-02-10,48554734,1131007
AMRO,2021-02-11,48761971,1138783
AMRO,2021-02-12,48967594,1148130
AMRO,2021-02-13,49157427,1155159
AMRO,2021-02-14,49287965,1159145
AMRO,2021-02-15,49403125,1161976
AMRO,2021-02-16,49549051,1165814
AMRO,2021-02-17,49718138,1171440
AMRO,2021-02-18,49880092,1177784
AMRO,2021-02-19,50064396,1183794
AMRO,2021-02-20,50244857,1188921
AMRO,2021-02-21,50392157,1192154
AMRO,2021-02-22,50513351,1195372
AMRO,2021-02-23,50680740,1200062
AMRO,2021-02-24,50860931,1205944
AMRO,2021-02-25,51062217,1213050
AMRO,2021-02-26,51242771,1217902
AMRO,2021-02-27,51419929,1222738
AMRO,2021-02-28,51538635,1226078
AMRO,2021-03-01,51667276,1229492
AMRO,2021-03-02,51810546,1234000
AMRO,2021-03-03,52012370,1240160
AMRO,2021-03-04,52200426,1245824
AMRO,2021-03-05,52379974,1250946
AMRO,2021-03-06,52553884,1255433
AMRO,2021-03-07,52712860,1258595
AMRO,2021-03-08,52825518,1261420
AMRO,2021-03-09,52986162,1266108
AMRO,2021-03-10,53169496,1271562
AMRO,2021-03-11,53362944,1276910
AMRO,2021-03-12,53558329,1282012
AMRO,2021-03-13,53724709,1286487
AMRO,2021-03-14,53844567,1289351
AMRO,2021-03-15,53965992,1292036
AMRO,2021-03-16,54145494,1297295
AMRO,2021-03-17,54382894,1302345
AMRO,2021-03-18,54581966,1308354
AMRO,2021-03-19,54794896,1314228
AMRO,2021-03-20,54973419,1318763
AMRO,2021-03-21,55107348,1321664
AMRO,2021-03-22,55252508,1324691
AMRO,2021-03-23,55440296,1329617
AMRO,2021-03-24,55648826,1334675
AMRO,2021-03-25,55872226,1340103
AMRO,2021-03-26,56093015,1346514
AMRO,2021-03-27,56305320,1352230
AMRO,2021-03-28,56442291,1355692
AMRO,2021-03-29,56596262,1359350
AMRO,2021-03-30,56806026,1365075
AMRO,2021-03-31,57026113,1371713
AMRO,2021-04-01,57255466,1377577
AMRO,2021-04-02,57468520,1383289
AMRO,2021-04-03,57634286,1386985
AMRO,2021-04-04,57752668,1389536
AMRO,2021-04-05,57922491,1392878
AMRO,2021-04-06,58145924,1399428
AMRO,2021-04-07,58329397,1404417
AMRO,2021-04-08,58646621,1414600
AMRO,2021-04-09,58906200,1420953
AMRO,2021-04-10,59132786,1426736
AMRO,2021-04-11,59286477,1431825
AMRO,2021-04-12,59465470,1435231
AMRO,2021-04-13,59713978,1441665
AMRO,2021-04-14,59954747,1448030
AMRO,2021-04-15,60192715,1454674
AMRO,2021-04-16,60456797,1460909
AMRO,2021-04-17,60672288,1466385
AMRO,2021-04-18,60813702,1469741
AMRO,2021-04-19,60983413,1473411
AMRO,2021-04-20,61189142,1478835
AMRO,2021-04-21,61432751,1485823
AMRO,2021-04-22,61635053,1491032
AMRO,2021-04-23,61860054,1497047
AMRO,2021-04-24,62085529,1503401
AMRO,2021-04-25,62211880,1506317
AMRO,2021-04-26,62358908,1510053
AMRO,2021-04-27,62571338,1516297
AMRO,2021-04-28,62782864,1521949
AMRO,2021-04-29,63001428,1528354
AMRO,2021-04-30,63229778,1534743
AMRO,2021-05-01,63400504,1539377
AMRO,2021-05-02,63526788,1542616
AMRO,2021-05-03,63672467,1545996
AMRO,2021-05-04,63856724,1551554
AMRO,2021-05-05,64060744,1557389
AMRO,2021-05-06,64262456,1562787
AMRO,2021-05-07,64467884,1567625
AMRO,2021-05-08,64646898,1572730
AMRO,2021-05-09,64765934,1575706
AMRO,2021-05-10,64900012,1578976
AMRO,2021-05-11,65073384,1583626
AMRO,2021-05-12,65270816,1589202
AMRO,2021-05-13,65481890,1594797
AMRO,2021-05-14,65683520,1599710
AMRO,2021-05-15,65864840,1604383
AMRO,2021-05-16,65979625,1607301
AMRO,2021-05-17,66120619,1610605
AMRO,2021-05-18,66302789,1615985
AMRO,2021-05-19,66502697,1621188
AMRO,2021-05-20,66711625,1626294
AMRO,2021-05-21,66914994,1631534
AMRO,2021-05-22,67095345,1635745
AMRO,2021-05-23,67224675,1638702
AMRO,2021-05-24,67356267,1641539
AMRO,2021-05-25,67531570,1646393
AMRO,2021-05-26,67724899,1651494
AMRO,2021-05-27,67927848,1656572
AMRO,2021-05-28,68105889,1663344
AMRO,2021-05-29,68287537,1667952
AMRO,2021-05-30,68419841,1671017
AMRO,2021-05-31,68534709,1673919
AMRO,2021-06-01,68787083,1678628
AMRO,2021-06-02,69002376,1798543
AMRO,2021-06-03,69206276,1807602
AMRO,2021-06-04,69361814,1812019
AMRO,2021-06-05,69539667,1815964
AMRO,2021-06-06,69656626,1818812
AMRO,2021-06-07,69778802,1822339
AMRO,2021-06-08,69934346,1827767
AMRO,2021-06-09,70127682,1832990
AMRO,2021-06-10,70330026,1838637
AMRO,2021-06-11,70539430,1843781
AMRO,2021-06-12,70708151,1848537
AMRO,2021-06-13,70820775,1851277
AMRO,2021-06-14,70945320,1854518
AMRO,2021-06-15,71104790,1859108
AMRO,2021-06-16,71318183,1865250
AMRO,2021-06-17,71492314,1869890
AMRO,2021-06-18,71698000,1875308
AMRO,2021-06-19,71860574,1879504
AMRO,2021-06-20,71976734,1882461
AMRO,2021-06-21,72087584,1885605
AMRO,2021-06-22,72259113,1890350
AMRO,2021-06-23,72469188,1895299
AMRO,2021-06-24,72648810,1899909
AMRO,2021-06-25,72840461,1904812
AMRO,2021-06-26,72994804,1908767
AMRO,2021-06-27,73106055,1911372
AMRO,2021-06-28,73215183,1914188
AMRO,2021-06-29,73372022,1918432
AMRO,2021-06-30,73513611,1922991
AMRO,2021-07-01,73671148,1927181
AMRO,2021-07-02,73838529,1931821
AMRO,2021-07-03,73973683,1935512
AMRO,2021-07-04,74066055,1937959
AMRO,2021-07-05,74157148,1940676
AMRO,2021-07-06,74311185,1944253
AMRO,2021-07-07,74460904,1948059
AMRO,2021-07-08,74628901,1952202
AMRO,2021-07-09,74791642,1955832
AMRO,2021-07-10,74923676,1958910
AMRO,2021-07-11,75009775,1961132
AMRO,2021-07-12,75109173,1963629
AMRO,2021-07-13,75263960,1967098
AMRO,2021-07-14,75433864,1970749
AMRO,2021-07-15,75597741,1974525
AMRO,2021-07-16,75757315,1978090
AMRO,2021-07-17,75886973,1980569
AMRO,2021-07-18,75985825,1982869
AMRO,2021-07-19,76095408,1985043
AMRO,2021-07-20,76245034,1988156
AMRO,2021-07-21,76419396,2000302
AMRO,2021-07-22,76612034,2003810
AMRO,2021-07-23,76750830,2005760
AMRO,2021-07-24,76866775,2009723
AMRO,2021-07-25,76954054,2011419
AMRO,2021-07-26,77083570,2013401
AMRO,2021-07-27,77255232,2016416
AMRO,2021-07-28,77502383,2020170
AMRO,2021-07-29,77717547,2023595
AMRO,2021-07-30,77937672,2027425
AMRO,2021-07-31,78102689,2030182
AMRO,2021-08-01,78200558,2031902
AMRO,2021-08-02,78369343,2033780
AMRO,2021-08-03,78418952,2034626
EMRO,2020-03-09,7670,245
EMRO,2020-03-10,8602,301
EMRO,2020-03-11,9928,365
EMRO,2020-03-12,11072,443
EMRO,2020-03-13,12537,530
EMRO,2020-03-14,14019,628
EMRO,2020-03-15,15418,741
EMRO,2020-03-16,16775,874
EMRO,2020-03-17,18202,1013
EMRO,2020-03-18,19482,1161
EMRO,2020-03-19,21058,1315
EMRO,2020-03-20,22568,1473
EMRO,2020-03-21,23894,1598
EMRO,2020-03-22,25363,1740
EMRO,2020-03-23,27181,1877
EMRO,2020-03-24,29608,2009
EMRO,2020-03-25,32444,2164
EMRO,2020-03-26,35405,2341
EMRO,2020-03-27,39015,2513
EMRO,2020-03-28,42685,2666
EMRO,2020-03-29,46247,2806
EMRO,2020-03-30,50179,2951
EMRO,2020-03-31,54113,3115
EMRO,2020-04-01,57953,3277
EMRO,2020-04-02,62070,3434
EMRO,2020-04-03,66071,3596
EMRO,2020-04-04,69894,3781
EMRO,2020-04-05,74044,3972
EMRO,2020-04-06,78258,4145
EMRO,2020-04-07,81875,4313
EMRO,2020-04-08,85254,4456
EMRO,2020-04-09,88475,4606
EMRO,2020-04-10,92005,4765
EMRO,2020-04-11,95865,4943
EMRO,2020-04-12,99459,5103
EMRO,2020-04-13,103365,5250
EMRO,2020-04-14,107105,5382
EMRO,2020-04-15,111266,5515
EMRO,2020-04-16,115742,5654
EMRO,2020-04-17,120199,5777
EMRO,2020-04-18,124347,5892
EMRO,2020-04-19,129319,6040
EMRO,2020-04-20,133694,6169
EMRO,2020-04-21,139144,6312
EMRO,2020-04-22,144026,6453
EMRO,2020-04-23,149382,6607
EMRO,2020-04-24,155021,6752
EMRO,2020-04-25,160645,6887
EMRO,2020-04-26,165883,6991
EMRO,2020-04-27,171156,7145
EMRO,2020-04-28,176513,7287
EMRO,2020-04-29,182183,7444
EMRO,2020-04-30,188142,7574
EMRO,2020-05-01,194708,7732
EMRO,2020-05-02,200443,7868
EMRO,2020-05-03,206642,7986
EMRO,2020-05-04,212973,8121
EMRO,2020-05-05,220405,8277
EMRO,2020-05-06,228111,8442
EMRO,2020-05-07,235802,8596
EMRO,2020-05-08,244908,8728
EMRO,2020-05-09,254278,8868
EMRO,2020-05-10,263946,9002
EMRO,2020-05-11,272206,9091
EMRO,2020-05-12,282208,9243
EMRO,2020-05-13,293196,9382
EMRO,2020-05-14,302740,9503
EMRO,2020-05-15,311690,9613
EMRO,2020-05-16,320647,9729
EMRO,2020-05-17,329601,9848
EMRO,2020-05-18,338558,9964
EMRO,2020-05-19,360008,10244
EMRO,2020-05-20,372738,10418
EMRO,2020-05-21,386259,10583
EMRO,2020-05-22,400345,10763
EMRO,2020-05-23,412619,10941
EMRO,2020-05-24,425188,11108
EMRO,2020-05-25,436547,11254
EMRO,2020-05-26,447246,11401
EMRO,2020-05-27,458805,11564
EMRO,2020-05-28,471812,11759
EMRO,2020-05-29,486525,11994
EMRO,2020-05-30,501210,12261
EMRO,2020-05-31,516445,12556
EMRO,2020-06-01,531285,12813
EMRO,2020-06-02,547354,13078
EMRO,2020-06-03,564418,13368
EMRO,2020-06-04,582027,13640
EMRO,2020-06-05,599527,13906
EMRO,2020-06-06,617750,14226
EMRO,2020-06-07,635949,14522
EMRO,2020-06-08,653478,14798
EMRO,2020-06-09,670644,15139
EMRO,2020-06-10,689608,15455
EMRO,2020-06-11,709158,15787
EMRO,2020-06-12,729965,16164
EMRO,2020-06-13,750360,16534
EMRO,2020-06-14,771709,16971
EMRO,2020-06-15,792022,17439
EMRO,2020-06-16,810887,17905
EMRO,2020-06-17,831500,18412
EMRO,2020-06-18,851161,18900
EMRO,2020-06-19,871096,19397
EMRO,2020-06-20,891656,19933
EMRO,2020-06-21,909538,20422
EMRO,2020-06-22,928607,20869
EMRO,2020-06-23,946544,21363
EMRO,2020-06-24,964842,21815
EMRO,2020-06-25,984436,22397
EMRO,2020-06-26,1002734,22869
EMRO,2020-06-27,1019556,23336
EMRO,2020-06-28,1037683,23824
EMRO,2020-06-29,1055007,24284
EMRO,2020-06-30,1072706,24847
EMRO,2020-07-01,1091698,25402
EMRO,2020-07-02,1110741,25933
EMRO,2020-07-03,1130595,26439
EMRO,2020-07-04,1149169,26932
EMRO,2020-07-05,1166814,27488
EMRO,2020-07-06,1184280,27998
EMRO,2020-07-07,1201053,28560
EMRO,2020-07-08,1218104,29060
EMRO,2020-07-09,1235044,29597
EMRO,2020-07-10,1252307,30077
EMRO,2020-07-11,1267975,30563
EMRO,2020-07-12,1283087,31155
EMRO,2020-07-13,1299154,31661
EMRO,2020-07-14,1313739,32178
EMRO,2020-07-15,1328579,32713
EMRO,2020-07-16,1343530,33196
EMRO,2020-07-17,1357518,33686
EMRO,2020-07-18,1371282,34152
EMRO,2020-07-19,1384167,34650
EMRO,2020-07-20,1397834,35102
EMRO,2020-07-21,1411028,35569
EMRO,2020-07-22,1425091,36061
EMRO,2020-07-23,1438728,36521
EMRO,2020-07-24,1452343,37009
EMRO,2020-07-25,1467208,37467
EMRO,2020-07-26,1478334,37894
EMRO,2020-07-27,1490744,38339
EMRO,2020-07-28,1503564,38784
EMRO,2020-07-29,1516587,39176
EMRO,2020-07-30,1529160,39608
EMRO,2020-07-31,1541563,40005
EMRO,2020-08-01,1550563,40375
EMRO,2020-08-02,1561018,40771
EMRO,2020-08-03,1570406,41152
EMRO,2020-08-04,1580734,41572
EMRO,2020-08-05,1593421,42016
EMRO,2020-08-06,1605462,42368
EMRO,2020-08-07,1618198,42738
EMRO,2020-08-08,1629875,43069
EMRO,2020-08-09,1640622,43431
EMRO,2020-08-10,1651956,43831
EMRO,2020-08-11,1664387,44235
EMRO,2020-08-12,1677361,44619
EMRO,2020-08-13,1690733,44975
EMRO,2020-08-14,1703853,45327
EMRO,2020-08-15,1717444,45679
EMRO,2020-08-16,1730594,46035
EMRO,2020-08-17,1742227,46414
EMRO,2020-08-18,1756134,46789
EMRO,2020-08-19,1769970,47156
EMRO,2020-08-20,1783243,47523
EMRO,2020-08-21,1796273,47831
EMRO,2020-08-22,1809019,48165
EMRO,2020-08-23,1820799,48500
EMRO,2020-08-24,1833243,48890
EMRO,2020-08-25,1845778,49227
EMRO,2020-08-26,1858666,49541
EMRO,2020-08-27,1871357,49857
EMRO,2020-08-28,1884276,50166
EMRO,2020-08-29,1896420,50445
EMRO,2020-08-30,1908199,50755
EMRO,2020-08-31,1919722,51062
EMRO,2020-09-01,1931541,51381
EMRO,2020-09-02,1944570,51715
EMRO,2020-09-03,1959123,52046
EMRO,2020-09-04,1973964,52371
EMRO,2020-09-05,1987775,52675
EMRO,2020-09-06,2001862,53056
EMRO,2020-09-07,2016149,53365
EMRO,2020-09-08,2031372,53710
EMRO,2020-09-09,2046923,54032
EMRO,2020-09-10,2061988,54388
EMRO,2020-09-11,2077616,54692
EMRO,2020-09-12,2092536,54977
EMRO,2020-09-13,2107392,55307
EMRO,2020-09-14,2123009,55677
EMRO,2020-09-15,2138739,56037
EMRO,2020-09-16,2155285,56454
EMRO,2020-09-17,2172527,56843
EMRO,2020-09-18,2188777,57212
EMRO,2020-09-19,2204580,57590
EMRO,2020-09-20,2221321,58004
EMRO,2020-09-21,2237183,58368
EMRO,2020-09-22,2255485,58740
EMRO,2020-09-23,2274726,59135
EMRO,2020-09-24,2293094,59476
EMRO,2020-09-25,2310213,59885
EMRO,2020-09-26,2328391,60273
EMRO,2020-09-27,2346658,60694
EMRO,2020-09-28,2362285,61098
EMRO,2020-09-29,2381553,61553
EMRO,2020-09-30,2400942,61946
EMRO,2020-10-01,2418884,62328
EMRO,2020-10-02,2437372,62723
EMRO,2020-10-03,2454969,63088
EMRO,2020-10-04,2474351,63562
EMRO,2020-10-05,2491510,63990
EMRO,2020-10-06,2511055,64425
EMRO,2020-10-07,2532579,64909
EMRO,2020-10-08,2554070,65402
EMRO,2020-10-09,2572683,65822
EMRO,2020-10-10,2593523,66248
EMRO,2020-10-11,2611948,66734
EMRO,2020-10-12,2628394,67211
EMRO,2020-10-13,2649179,67681
EMRO,2020-10-14,2673033,68213
EMRO,2020-10-15,2694433,68698
EMRO,2020-10-16,2714424,69174
EMRO,2020-10-17,2738198,69750
EMRO,2020-10-18,2757004,70262
EMRO,2020-10-19,2777211,70890
EMRO,2020-10-20,2800343,71463
EMRO,2020-10-21,2824654,72052
EMRO,2020-10-22,2848813,72589
EMRO,2020-10-23,2873287,73193
EMRO,2020-10-24,2896964,73775
EMRO,2020-10-25,2919760,74300
EMRO,2020-10-26,2943912,75057
EMRO,2020-10-27,2970942,75661
EMRO,2020-10-28,2998853,76485
EMRO,2020-10-29,3026283,77117
EMRO,2020-10-30,3055359,77820
EMRO,2020-10-31,3080291,78526
EMRO,2020-11-01,3106882,79271
EMRO,2020-11-02,3135189,79995
EMRO,2020-11-03,3164576,80704
EMRO,2020-11-04,3198064,81551
EMRO,2020-11-05,3231363,82292
EMRO,2020-11-06,3262970,83021
EMRO,2020-11-07,3295241,83900
EMRO,2020-11-08,3325735,84986
EMRO,2020-11-09,3356736,85799
EMRO,2020-11-10,3391761,86670
EMRO,2020-11-11,3427883,87537
EMRO,2020-11-12,3465070,88358
EMRO,2020-11-13,3500047,89179
EMRO,2020-11-14,3533393,89979
EMRO,2020-11-15,3566098,90834
EMRO,2020-11-16,3599063,91671
EMRO,2020-11-17,3636676,92576
EMRO,2020-11-18,3677458,93473
EMRO,2020-11-19,3712767,94257
EMRO,2020-11-20,3750763,95483
EMRO,2020-11-21,3784184,96279
EMRO,2020-11-22,3819420,97162
EMRO,2020-11-23,3851057,97959
EMRO,2020-11-24,3886990,98859
EMRO,2020-11-25,3924668,99723
EMRO,2020-11-26,3962244,100591
EMRO,2020-11-27,3999860,101368
EMRO,2020-11-28,4033058,102083
EMRO,2020-11-29,4067177,102838
EMRO,2020-11-30,4100348,103551
EMRO,2020-12-01,4134247,104278
EMRO,2020-12-02,4171334,105103
EMRO,2020-12-03,4207793,105781
EMRO,2020-12-04,4243010,106536
EMRO,2020-12-05,4273363,107168
EMRO,2020-12-06,4305726,107804
EMRO,2020-12-07,4334105,108447
EMRO,2020-12-08,4363985,109182
EMRO,2020-12-09,4394159,109783
EMRO,2020-12-10,4423933,110428
EMRO,2020-12-11,4451008,110963
EMRO,2020-12-12,4475610,111530
EMRO,2020-12-13,4500138,112110
EMRO,2020-12-14,4521520,112607
EMRO,2020-12-15,4547605,113179
EMRO,2020-12-16,4575122,113769
EMRO,2020-12-17,4601445,114344
EMRO,2020-12-18,4626209,114860
EMRO,2020-12-19,4649189,115370
EMRO,2020-12-20,4672179,115913
EMRO,2020-12-21,4692000,116408
EMRO,2020-12-22,4715272,116941
EMRO,2020-12-23,4739354,117454
EMRO,2020-12-24,4763895,117975
EMRO,2020-12-25,4785418,118419
EMRO,2020-12-26,4805324,118835
EMRO,2020-12-27,4826184,119329
EMRO,2020-12-28,4846113,119758
EMRO,2020-12-29,4868214,120198
EMRO,2020-12-30,4892641,120662
EMRO,2020-12-31,4917251,121119
EMRO,2021-01-01,4939647,121538
EMRO,2021-01-02,4960256,121941
EMRO,2021-01-03,4982290,122339
EMRO,2021-01-04,5003023,122769
EMRO,2021-01-05,5026578,123197
EMRO,2021-01-06,5050921,123536
EMRO,2021-01-07,5078979,123961
EMRO,2021-01-08,5105675,124337
EMRO,2021-01-09,5130579,124683
EMRO,2021-01-10,5154555,125058
EMRO,2021-01-11,5177910,125433
EMRO,2021-01-12,5203862,125894
EMRO,2021-01-13,5232886,126371
EMRO,2021-01-14,5261675,126834
EMRO,2021-01-15,5290628,127226
EMRO,2021-01-16,5315652,127628
EMRO,2021-01-17,5340765,127996
EMRO,2021-01-18,5363529,128480
EMRO,2021-01-19,5388307,128940
EMRO,2021-01-20,5414554,129384
EMRO,2021-01-21,5440030,129806
EMRO,2021-01-22,5463362,130243
EMRO,2021-01-23,5485994,130603
EMRO,2021-01-24,5508573,131017
EMRO,2021-01-25,5529962,131530
EMRO,2021-01-26,5553906,131991
EMRO,2021-01-27,5578124,132451
EMRO,2021-01-28,5602744,132908
EMRO,2021-01-29,5626285,133306
EMRO,2021-01-30,5647663,133655
EMRO,2021-01-31,5668745,134392
EMRO,2021-02-01,5689263,134726
EMRO,2021-02-02,5712461,135176
EMRO,2021-02-03,5736743,135622
EMRO,2021-02-04,5760601,136009
EMRO,2021-02-05,5784322,136422
EMRO,2021-02-06,5805744,136755
EMRO,2021-02-07,5828505,137109
EMRO,2021-02-08,5851072,137469
EMRO,2021-02-09,5875629,137877
EMRO,2021-02-10,5901657,138267
EMRO,2021-02-11,5927585,138641
EMRO,2021-02-12,5952623,138936
EMRO,2021-02-13,5975207,139271
EMRO,2021-02-14,6000005,139581
EMRO,2021-02-15,6024456,139929
EMRO,2021-02-16,6050935,140303
EMRO,2021-02-17,6078939,140669
EMRO,2021-02-18,6105668,141022
EMRO,2021-02-19,6130904,141395
EMRO,2021-02-20,6156112,141698
EMRO,2021-02-21,6183052,142072
EMRO,2021-02-22,6210881,142410
EMRO,2021-02-23,6241086,142772
EMRO,2021-02-24,6272260,143170
EMRO,2021-02-25,6303336,143586
EMRO,2021-02-26,6334335,143925
EMRO,2021-02-27,6361720,144267
EMRO,2021-02-28,6391669,144627
EMRO,2021-03-01,6421856,144999
EMRO,2021-03-02,6455321,145442
EMRO,2021-03-03,6489676,145840
EMRO,2021-03-04,6525422,146322
EMRO,2021-03-05,6559020,146698
EMRO,2021-03-06,6588827,147058
EMRO,2021-03-07,6622111,147463
EMRO,2021-03-08,6656090,147865
EMRO,2021-03-09,6691731,148282
EMRO,2021-03-10,6727844,148709
EMRO,2021-03-11,6765042,149165
EMRO,2021-03-12,6801070,149534
EMRO,2021-03-13,6831515,149940
EMRO,2021-03-14,6868005,150390
EMRO,2021-03-15,6904308,150855
EMRO,2021-03-16,6943463,151307
EMRO,2021-03-17,6983772,151779
EMRO,2021-03-18,7023847,152260
EMRO,2021-03-19,7061970,152737
EMRO,2021-03-20,7094075,153168
EMRO,2021-03-21,7132923,153649
EMRO,2021-03-22,7169651,154114
EMRO,2021-03-23,7209040,154666
EMRO,2021-03-24,7250277,155187
EMRO,2021-03-25,7291847,155711
EMRO,2021-03-26,7330598,156171
EMRO,2021-03-27,7364863,156637
EMRO,2021-03-28,7405896,157108
EMRO,2021-03-29,7445492,157598
EMRO,2021-03-30,7488848,158160
EMRO,2021-03-31,7534453,158706
EMRO,2021-04-01,7580668,159248
EMRO,2021-04-02,7624021,159809
EMRO,2021-04-03,7662601,160342
EMRO,2021-04-04,7709479,160980
EMRO,2021-04-05,7755108,161561
EMRO,2021-04-06,7806971,162213
EMRO,2021-04-07,7858583,162779
EMRO,2021-04-08,7923137,163528
EMRO,2021-04-09,7978642,164134
EMRO,2021-04-10,8027082,164746
EMRO,2021-04-11,8081490,165479
EMRO,2021-04-12,8136393,166178
EMRO,2021-04-13,8194212,167057
EMRO,2021-04-14,8253215,167898
EMRO,2021-04-15,8310956,168740
EMRO,2021-04-16,8366539,169527
EMRO,2021-04-17,8414632,170312
EMRO,2021-04-18,8466952,171283
EMRO,2021-04-19,8521554,172103
EMRO,2021-04-20,8580404,173128
EMRO,2021-04-21,8639112,174038
EMRO,2021-04-22,8695608,174954
EMRO,2021-04-23,8747998,175850
EMRO,2021-04-24,8793123,176683
EMRO,2021-04-25,8840312,177619
EMRO,2021-04-26,8887969,178569
EMRO,2021-04-27,8938018,179616
EMRO,2021-04-28,8987383,180628
EMRO,2021-04-29,9033833,181466
EMRO,2021-04-30,9079480,182385
EMRO,2021-05-01,9117063,183154
EMRO,2021-05-02,9159054,183989
EMRO,2021-05-03,9199695,184673
EMRO,2021-05-04,9243871,185546
EMRO,2021-05-05,9283646,186381
EMRO,2021-05-06,9325741,187172
EMRO,2021-05-07,9365719,187999
EMRO,2021-05-08,9398352,188703
EMRO,2021-05-09,9432674,189537
EMRO,2021-05-10,9470481,190256
EMRO,2021-05-11,9508209,191006
EMRO,2021-05-12,9542468,191764
EMRO,2021-05-13,9575331,192486
EMRO,2021-05-14,9597661,192932
EMRO,2021-05-15,9616961,193473
EMRO,2021-05-16,9644697,194139
EMRO,2021-05-17,9675763,194754
EMRO,2021-05-18,9707957,195469
EMRO,2021-05-19,9741551,196061
EMRO,2021-05-20,9776488,196791
EMRO,2021-05-21,9806137,197264
EMRO,2021-05-22,9833966,197800
EMRO,2021-05-23,9862089,198285
EMRO,2021-05-24,9893083,198874
EMRO,2021-05-25,9927366,199466
EMRO,2021-05-26,9957663,199870
EMRO,2021-05-27,9988639,200325
EMRO,2021-05-28,10020003,200810
EMRO,2021-05-29,10044950,201275
EMRO,2021-05-30,10074041,201776
EMRO,2021-05-31,10103415,202255
EMRO,2021-06-01,10135991,202878
EMRO,2021-06-02,10166836,203346
EMRO,2021-06-03,10197761,203895
EMRO,2021-06-04,10225037,204371
EMRO,2021-06-05,10246747,204780
EMRO,2021-06-06,10272418,205278
EMRO,2021-06-07,10295184,205719
EMRO,2021-06-08,10324460,206305
EMRO,2021-06-09,10354927,206838
EMRO,2021-06-10,10387324,207323
EMRO,2021-06-11,10415396,207765
EMRO,2021-06-12,10436639,208140
EMRO,2021-06-13,10466977,208744
EMRO,2021-06-14,10496618,209220
EMRO,2021-06-15,10525075,209682
EMRO,2021-06-16,10556057,210172
EMRO,2021-06-17,10587399,210693
EMRO,2021-06-18,10615733,211201
EMRO,2021-06-19,10637269,211639
EMRO,2021-06-20,10666309,212126
EMRO,2021-06-21,10697605,212635
EMRO,2021-06-22,10730789,213113
EMRO,2021-06-23,10764402,213633
EMRO,2021-06-24,10798527,214118
EMRO,2021-06-25,10828851,214550
EMRO,2021-06-26,10854408,214972
EMRO,2021-06-27,10887512,215531
EMRO,2021-06-28,10919795,216007
EMRO,2021-06-29,10956781,216519
EMRO,2021-06-30,10993962,217036
EMRO,2021-07-01,11035176,217542
EMRO,2021-07-02,11071408,218004
EMRO,2021-07-03,11100197,218429
EMRO,2021-07-04,11139117,219085
EMRO,2021-07-05,11178039,219562
EMRO,2021-07-06,11223751,220074
EMRO,2021-07-07,11272132,220562
EMRO,2021-07-08,11326169,221062
EMRO,2021-07-09,11371670,221613
EMRO,2021-07-10,11409101,222207
EMRO,2021-07-11,11456583,222780
EMRO,2021-07-12,11504233,223265
EMRO,2021-07-13,11558541,223824
EMRO,2021-07-14,11615158,224420
EMRO,2021-07-15,11671540,225040
EMRO,2021-07-16,11723066,225614
EMRO,2021-07-17,11765602,226131
EMRO,2021-07-18,11816724,226705
EMRO,2021-07-19,11865172,227148
EMRO,2021-07-20,11921964,227861
EMRO,2021-07-21,11971681,228370
EMRO,2021-07-22,12009064,228843
EMRO,2021-07-23,12052033,229342
EMRO,2021-07-24,12098745,230168
EMRO,2021-07-25,12157469,230933
EMRO,2021-07-26,12220644,231649
EMRO,2021-07-27,12297260,232756
EMRO,2021-07-28,12372873,233398
EMRO,2021-07-29,12447663,234298
EMRO,2021-07-30,12511315,235035
EMRO,2021-07-31,12563060,235759
EMRO,2021-08-01,12631326,236651
EMRO,2021-08-02,12702368,237574
EMRO,2021-08-03,12773139,238405
EURO,2020-03-09,15539,538
EURO,2020-03-10,18672,716
EURO,2020-03-11,23690,959
EURO,2020-03-12,30222,1208
EURO,2020-03-13,38487,1537
EURO,2020-03-14,46843,1813
EURO,2020-03-15,56671,2345
EURO,2020-03-16,66513,2816
EURO,2020-03-17,77990,3441
EURO,2020-03-18,84912,3564
EURO,2020-03-19,111457,5023
EURO,2020-03-20,132506,6128
EURO,2020-03-21,153915,7519
EURO,2020-03-22,172243,8822
EURO,2020-03-23,198713,10371
EURO,2020-03-24,225428,12325
EURO,2020-03-25,253972,14243
EURO,2020-03-26,290575,16487
EURO,2020-03-27,328749,19083
EURO,2020-03-28,367662,21795
EURO,2020-03-29,399715,24358
EURO,2020-03-30,432811,27233
EURO,2020-03-31,471498,30512
EURO,2020-04-01,511283,33979
EURO,2020-04-02,550105,38512
EURO,2020-04-03,590874,42750
EURO,2020-04-04,649299,46757
EURO,2020-04-05,684073,49869
EURO,2020-04-06,716432,53374
EURO,2020-04-07,757151,58227
EURO,2020-04-08,796159,62186
EURO,2020-04-09,835024,66851
EURO,2020-04-10,881650,71239
EURO,2020-04-11,920267,74874
EURO,2020-04-12,953985,78117
EURO,2020-04-13,985225,81454
EURO,2020-04-14,1020102,85297
EURO,2020-04-15,1055573,89918
EURO,2020-04-16,1108745,94064
EURO,2020-04-17,1127384,98203
EURO,2020-04-18,1162316,101927
EURO,2020-04-19,1195663,104030
EURO,2020-04-20,1225308,106872
EURO,2020-04-21,1257385,110417
EURO,2020-04-22,1289629,113834
EURO,2020-04-23,1318328,117010
EURO,2020-04-24,1354084,120192
EURO,2020-04-25,1384647,123093
EURO,2020-04-26,1411829,124966
EURO,2020-04-27,1438438,127114
EURO,2020-04-28,1463174,129702
EURO,2020-04-29,1490862,136255
EURO,2020-04-30,1520529,138710
EURO,2020-05-01,1548908,140973
EURO,2020-05-02,1576825,143059
EURO,2020-05-03,1601994,144324
EURO,2020-05-04,1626519,145939
EURO,2020-05-05,1652928,147965
EURO,2020-05-06,1686711,150566
EURO,2020-05-07,1718092,152460
EURO,2020-05-08,1748136,154568
EURO,2020-05-09,1774855,155883
EURO,2020-05-10,1799663,156913
EURO,2020-05-11,1825644,158164
EURO,2020-05-12,1850550,160056
EURO,2020-05-13,1873349,161735
EURO,2020-05-14,1897981,163494
EURO,2020-05-15,1915613,164427
EURO,2020-05-16,1933261,165377
EURO,2020-05-17,1950910,166333
EURO,2020-05-18,1968558,167283
EURO,2020-05-19,2006137,169244
EURO,2020-05-20,2023229,170496
EURO,2020-05-21,2042866,171537
EURO,2020-05-22,2064768,173184
EURO,2020-05-23,2084827,174078
EURO,2020-05-24,2103013,174685
EURO,2020-05-25,2119483,173397
EURO,2020-05-26,2139522,174520
EURO,2020-05-27,2157759,175593
EURO,2020-05-28,2180034,176580
EURO,2020-05-29,2199552,177580
EURO,2020-05-30,2219125,178366
EURO,2020-05-31,2236909,178847
EURO,2020-06-01,2253396,179812
EURO,2020-06-02,2270305,180768
EURO,2020-06-03,2251735,181708
EURO,2020-06-04,2271203,182383
EURO,2020-06-05,2290542,183285
EURO,2020-06-06,2309555,183946
EURO,2020-06-07,2327786,184346
EURO,2020-06-08,2344703,184803
EURO,2020-06-09,2362432,185661
EURO,2020-06-10,2379809,186458
EURO,2020-06-11,2398805,187018
EURO,2020-06-12,2419170,187663
EURO,2020-06-13,2439006,188204
EURO,2020-06-14,2457954,188520
EURO,2020-06-15,2475396,188910
EURO,2020-06-16,2493782,189700
EURO,2020-06-17,2514268,190439
EURO,2020-06-18,2533131,191054
EURO,2020-06-19,2551352,192805
EURO,2020-06-20,2569477,193308
EURO,2020-06-21,2585904,193599
EURO,2020-06-22,2605022,193955
EURO,2020-06-23,2623992,194693
EURO,2020-06-24,2643002,195202
EURO,2020-06-25,2662392,195666
EURO,2020-06-26,2683102,196318
EURO,2020-06-27,2700225,196752
EURO,2020-06-28,2716267,197050
EURO,2020-06-29,2736213,197399
EURO,2020-06-30,2753442,197967
EURO,2020-07-01,2791151,198582
EURO,2020-07-02,2780649,199062
EURO,2020-07-03,2799444,199618
EURO,2020-07-04,2817916,200022
EURO,2020-07-05,2834394,200337
EURO,2020-07-06,2854448,200670
EURO,2020-07-07,2871663,201361
EURO,2020-07-08,2891146,201933
EURO,2020-07-09,2911214,202423
EURO,2020-07-10,2932034,202870
EURO,2020-07-11,2950885,203381
EURO,2020-07-12,2968532,203771
EURO,2020-07-13,2990592,204083
EURO,2020-07-14,3009402,204583
EURO,2020-07-15,3030842,205116
EURO,2020-07-16,3052428,205588
EURO,2020-07-17,3074686,206097
EURO,2020-07-18,3105174,207147
EURO,2020-07-19,3123561,207489
EURO,2020-07-20,3147894,207823
EURO,2020-07-21,3169057,208542
EURO,2020-07-22,3191373,209025
EURO,2020-07-23,3216090,209493
EURO,2020-07-24,3239791,210022
EURO,2020-07-25,3259065,210416
EURO,2020-07-26,3277367,210666
EURO,2020-07-27,3305276,210957
EURO,2020-07-28,3326908,211641
EURO,2020-07-29,3351517,212154
EURO,2020-07-30,3377085,212553
EURO,2020-07-31,3402171,213069
EURO,2020-08-01,3421274,213423
EURO,2020-08-02,3438557,213677
EURO,2020-08-03,3468809,214002
EURO,2020-08-04,3494310,214737
EURO,2020-08-05,3520427,215189
EURO,2020-08-06,3544878,215588
EURO,2020-08-07,3575552,216001
EURO,2020-08-08,3594994,216394
EURO,2020-08-09,3612635,216635
EURO,2020-08-10,3645620,216940
EURO,2020-08-11,3670295,217514
EURO,2020-08-12,3697191,218038
EURO,2020-08-13,3723613,213065
EURO,2020-08-14,3728942,213443
EURO,2020-08-15,3752695,213920
EURO,2020-08-16,3773162,214157
EURO,2020-08-17,3815768,214451
EURO,2020-08-18,3839588,214991
EURO,2020-08-19,3868512,215552
EURO,2020-08-20,3895751,215924
EURO,2020-08-21,3942619,215840
EURO,2020-08-22,3967518,216188
EURO,2020-08-23,3990774,216428
EURO,2020-08-24,4025939,216741
EURO,2020-08-25,4051946,217293
EURO,2020-08-26,4083121,217597
EURO,2020-08-27,4134285,218013
EURO,2020-08-28,4167351,218407
EURO,2020-08-29,4194726,218734
EURO,2020-08-30,4219610,219003
EURO,2020-08-31,4251448,219417
EURO,2020-09-01,4284972,219993
EURO,2020-09-02,4325442,220455
EURO,2020-09-03,4367523,220920
EURO,2020-09-04,4431542,221504
EURO,2020-09-05,4465968,221898
EURO,2020-09-06,4496573,222171
EURO,2020-09-07,4535040,222550
EURO,2020-09-08,4578031,223094
EURO,2020-09-09,4625136,223625
EURO,2020-09-10,4677530,224126
EURO,2020-09-11,4742752,224614
EURO,2020-09-12,4786275,225011
EURO,2020-09-13,4821885,225348
EURO,2020-09-14,4875042,225809
EURO,2020-09-15,4925833,226528
EURO,2020-09-16,4984545,227345
EURO,2020-09-17,5046987,228043
EURO,2020-09-18,5134460,228793
EURO,2020-09-19,5186572,229293
EURO,2020-09-20,5232141,229686
EURO,2020-09-21,5284880,230265
EURO,2020-09-22,5342747,231126
EURO,2020-09-23,5418465,231949
EURO,2020-09-24,5494301,232676
EURO,2020-09-25,5591305,233475
EURO,2020-09-26,5655943,234141
EURO,2020-09-27,5708533,234582
EURO,2020-09-28,5763031,235254
EURO,2020-09-29,5827227,236194
EURO,2020-09-30,5905210,237121
EURO,2020-10-01,5988169,238018
EURO,2020-10-02,6093251,238917
EURO,2020-10-03,6172781,239624
EURO,2020-10-04,6254007,240159
EURO,2020-10-05,6364940,240908
EURO,2020-10-06,6457321,242063
EURO,2020-10-07,6558380,243097
EURO,2020-10-08,6675144,244111
EURO,2020-10-09,6792395,245215
EURO,2020-10-10,6905655,246115
EURO,2020-10-11,7000216,246862
EURO,2020-10-12,7120869,247868
EURO,2020-10-13,7235533,249163
EURO,2020-10-14,7382316,250634
EURO,2020-10-15,7566399,252043
EURO,2020-10-16,7725548,253599
EURO,2020-10-17,7875122,254846
EURO,2020-10-18,8017734,255856
EURO,2020-10-19,8183185,257224
EURO,2020-10-20,8348199,259145
EURO,2020-10-21,8550693,260959
EURO,2020-10-22,8801684,262884
EURO,2020-10-23,9043767,264981
EURO,2020-10-24,9258274,266754
EURO,2020-10-25,9465798,268184
EURO,2020-10-26,9704539,270142
EURO,2020-10-27,9939301,273081
EURO,2020-10-28,10198363,275745
EURO,2020-10-29,10509724,278474
EURO,2020-10-30,10821355,281628
EURO,2020-10-31,11068229,284256
EURO,2020-11-01,11303167,286330
EURO,2020-11-02,11589414,289099
EURO,2020-11-03,11847108,293155
EURO,2020-11-04,12148211,298595
EURO,2020-11-05,12462487,302447
EURO,2020-11-06,12800131,307072
EURO,2020-11-07,13033443,310415
EURO,2020-11-08,13352663,312994
EURO,2020-11-09,13603469,316682
EURO,2020-11-10,13864046,322082
EURO,2020-11-11,14148000,327129
EURO,2020-11-12,14458354,331757
EURO,2020-11-13,14742060,336669
EURO,2020-11-14,14999025,340631
EURO,2020-11-15,15224508,343768
EURO,2020-11-16,15451169,347741
EURO,2020-11-17,15735521,353848
EURO,2020-11-18,15995645,359336
EURO,2020-11-19,16294653,364503
EURO,2020-11-20,16579283,370547
EURO,2020-11-21,16819592,374685
EURO,2020-11-22,17020081,378217
EURO,2020-11-23,17216759,382686
EURO,2020-11-24,17452197,389238
EURO,2020-11-25,17693723,395043
EURO,2020-11-26,17980373,400700
EURO,2020-11-27,18266360,406904
EURO,2020-11-28,18504095,411467
EURO,2020-11-29,18708949,414954
EURO,2020-11-30,18909038,419455
EURO,2020-12-01,19140788,425846
EURO,2020-12-02,19391205,431653
EURO,2020-12-03,19660929,437453
EURO,2020-12-04,19925465,443354
EURO,2020-12-05,20163868,447847
EURO,2020-12-06,20372248,451360
EURO,2020-12-07,20573678,455562
EURO,2020-12-08,20805815,461470
EURO,2020-12-09,21060514,467085
EURO,2020-12-10,22130448,472828
EURO,2020-12-11,22404951,479040
EURO,2020-12-12,22648896,483743
EURO,2020-12-13,22857244,487142
EURO,2020-12-14,23065073,491435
EURO,2020-12-15,23306281,498104
EURO,2020-12-16,23585359,504386
EURO,2020-12-17,23892127,510159
EURO,2020-12-18,24171263,516338
EURO,2020-12-19,24409303,521015
EURO,2020-12-20,24622896,524472
EURO,2020-12-21,24826218,528798
EURO,2020-12-22,25075969,535407
EURO,2020-12-23,25343146,541349
EURO,2020-12-24,25632921,546534
EURO,2020-12-25,25857112,550395
EURO,2020-12-26,26019723,553349
EURO,2020-12-27,26175768,556553
EURO,2020-12-28,26370559,560910
EURO,2020-12-29,26633629,567630
EURO,2020-12-30,26926722,574412
EURO,2020-12-31,27233687,580244
EURO,2021-01-01,27473109,584313
EURO,2021-01-02,27656808,587478
EURO,2021-01-03,27840846,590709
EURO,2021-01-04,28058501,595155
EURO,2021-01-05,28353045,601913
EURO,2021-01-06,28655025,608309
EURO,2021-01-07,28982159,614159
EURO,2021-01-08,29284771,620681
EURO,2021-01-09,29532756,625497
EURO,2021-01-10,29745668,628879
EURO,2021-01-11,29980120,633182
EURO,2021-01-12,30226974,640406
EURO,2021-01-13,30509290,647107
EURO,2021-01-14,30790146,653450
EURO,2021-01-15,31063570,659902
EURO,2021-01-16,31267753,664960
EURO,2021-01-17,31437588,668302
EURO,2021-01-18,31664258,672659
EURO,2021-01-19,31882980,680152
EURO,2021-01-20,32139914,687431
EURO,2021-01-21,32496268,693766
EURO,2021-01-22,32741122,700241
EURO,2021-01-23,32924351,705319
EURO,2021-01-24,33075910,708526
EURO,2021-01-25,33285889,713102
EURO,2021-01-26,33481048,720369
EURO,2021-01-27,33714566,727305
EURO,2021-01-28,33925592,733436
EURO,2021-01-29,34143120,739770
EURO,2021-01-30,34305880,744376
EURO,2021-01-31,34442506,747483
EURO,2021-02-01,34574639,751858
EURO,2021-02-02,34751344,758877
EURO,2021-02-03,34953136,765069
EURO,2021-02-04,35154908,770417
EURO,2021-02-05,35342811,776234
EURO,2021-02-06,35488727,780136
EURO,2021-02-07,35610721,782689
EURO,2021-02-08,35723161,786790
EURO,2021-02-09,35869396,792783
EURO,2021-02-10,36039711,798198
EURO,2021-02-11,36210529,803045
EURO,2021-02-12,36371658,807861
EURO,2021-02-13,36505634,811334
EURO,2021-02-14,36609075,813460
EURO,2021-02-15,36727094,816881
EURO,2021-02-16,36862853,821745
EURO,2021-02-17,37022801,826209
EURO,2021-02-18,37189271,830199
EURO,2021-02-19,37354909,834499
EURO,2021-02-20,37494104,837343
EURO,2021-02-21,37619372,839368
EURO,2021-02-22,37737519,842218
EURO,2021-02-23,37886164,846500
EURO,2021-02-24,38071637,850354
EURO,2021-02-25,38255189,853847
EURO,2021-02-26,38435809,857632
EURO,2021-02-27,38594451,860389
EURO,2021-02-28,38724696,862311
EURO,2021-03-01,38841661,864978
EURO,2021-03-02,38928192,868808
EURO,2021-03-03,39119250,872955
EURO,2021-03-04,39312238,876431
EURO,2021-03-05,39502992,880549
EURO,2021-03-06,39674831,883173
EURO,2021-03-07,39819396,885089
EURO,2021-03-08,39937310,887878
EURO,2021-03-09,40107249,891451
EURO,2021-03-10,40316926,895138
EURO,2021-03-11,40523565,898676
EURO,2021-03-12,40733452,902244
EURO,2021-03-13,40936815,905076
EURO,2021-03-14,41101266,907091
EURO,2021-03-15,41241991,909906
EURO,2021-03-16,41439588,913862
EURO,2021-03-17,41676781,917699
EURO,2021-03-18,41923109,921103
EURO,2021-03-19,42127431,924271
EURO,2021-03-20,42387877,927516
EURO,2021-03-21,42574440,929692
EURO,2021-03-22,42758657,933099
EURO,2021-03-23,42957817,937307
EURO,2021-03-24,43182636,941228
EURO,2021-03-25,43528191,945474
EURO,2021-03-26,43804703,950268
EURO,2021-03-27,44054758,953377
EURO,2021-03-28,44264543,955683
EURO,2021-03-29,44441763,958834
EURO,2021-03-30,44671859,962937
EURO,2021-03-31,44967003,967211
EURO,2021-04-01,45263794,971332
EURO,2021-04-02,45532530,975222
EURO,2021-04-03,45736170,978358
EURO,2021-04-04,45993939,981293
EURO,2021-04-05,46151246,984207
EURO,2021-04-06,46336401,987640
EURO,2021-04-07,46540338,992247
EURO,2021-04-08,46883864,997516
EURO,2021-04-09,47161140,1002310
EURO,2021-04-10,47364656,1005789
EURO,2021-04-11,47619873,1008623
EURO,2021-04-12,47806416,1012002
EURO,2021-04-13,48043410,1016318
EURO,2021-04-14,48324569,1021123
EURO,2021-04-15,48600665,1025451
EURO,2021-04-16,48862564,1029587
EURO,2021-04-17,49091879,1033031
EURO,2021-04-18,49279188,1035593
EURO,2021-04-19,49453031,1039004
EURO,2021-04-20,49688643,1043324
EURO,2021-04-21,49939001,1047636
EURO,2021-04-22,50190127,1051757
EURO,2021-04-23,50419932,1055781
EURO,2021-04-24,50603480,1059153
EURO,2021-04-25,50762210,1061575
EURO,2021-04-26,50900513,1064581
EURO,2021-04-27,51091857,1068581
EURO,2021-04-28,51296777,1072583
EURO,2021-04-29,51494114,1076191
EURO,2021-04-30,51670218,1079712
EURO,2021-05-01,51821660,1082684
EURO,2021-05-02,51928710,1084669
EURO,2021-05-03,52037879,1087139
EURO,2021-05-04,52180002,1090011
EURO,2021-05-05,52336830,1093353
EURO,2021-05-06,52488721,1096557
EURO,2021-05-07,52635358,1099665
EURO,2021-05-08,52759728,1102384
EURO,2021-05-09,52847795,1104249
EURO,2021-05-10,52936017,1106457
EURO,2021-05-11,53051231,1109295
EURO,2021-05-12,53173832,1112131
EURO,2021-05-13,53288206,1114748
EURO,2021-05-14,53393786,1117232
EURO,2021-05-15,53483542,1119400
EURO,2021-05-16,53559448,1120845
EURO,2021-05-17,53627586,1122667
EURO,2021-05-18,53720098,1125122
EURO,2021-05-19,53823846,1127476
EURO,2021-05-20,53557209,1129577
EURO,2021-05-21,53645505,1131598
EURO,2021-05-22,53717230,1133316
EURO,2021-05-23,53772251,1134487
EURO,2021-05-24,53828043,1135426
EURO,2021-05-25,53892056,1137464
EURO,2021-05-26,53964405,1139577
EURO,2021-05-27,54041968,1141392
EURO,2021-05-28,54115826,1143090
EURO,2021-05-29,54176517,1144488
EURO,2021-05-30,54227687,1145489
EURO,2021-05-31,54275347,1146702
EURO,2021-06-01,54333113,1148252
EURO,2021-06-02,54394591,1149790
EURO,2021-06-03,54462484,1151278
EURO,2021-06-04,54520009,1152646
EURO,2021-06-05,54567407,1153823
EURO,2021-06-06,54608364,1154666
EURO,2021-06-07,54652988,1155736
EURO,2021-06-08,54705041,1157368
EURO,2021-06-09,54760648,1158755
EURO,2021-06-10,54824376,1160152
EURO,2021-06-11,54876601,1161380
EURO,2021-06-12,54922087,1162409
EURO,2021-06-13,54964076,1163067
EURO,2021-06-14,55010218,1163869
EURO,2021-06-15,55058361,1165077
EURO,2021-06-16,55108096,1166267
EURO,2021-06-17,55158883,1167296
EURO,2021-06-18,55211647,1168341
EURO,2021-06-19,55260039,1169301
EURO,2021-06-20,55302873,1170000
EURO,2021-06-21,55351751,1170884
EURO,2021-06-22,55405612,1171994
EURO,2021-06-23,55465034,1173177
EURO,2021-06-24,55527069,1174276
EURO,2021-06-25,55587626,1175468
EURO,2021-06-26,55646738,1176665
EURO,2021-06-27,55698660,1177557
EURO,2021-06-28,55768231,1178499
EURO,2021-06-29,55837898,1179884
EURO,2021-06-30,55918515,1181124
EURO,2021-07-01,56007459,1182263
EURO,2021-07-02,56095842,1183368
EURO,2021-07-03,56169983,1184350
EURO,2021-07-04,56240062,1185191
EURO,2021-07-05,56345101,1186200
EURO,2021-07-06,56441894,1187301
EURO,2021-07-07,56548821,1188456
EURO,2021-07-08,56660392,1189639
EURO,2021-07-09,56781413,1190677
EURO,2021-07-10,56880467,1191662
EURO,2021-07-11,56973964,1192657
EURO,2021-07-12,57098969,1193620
EURO,2021-07-13,57252925,1194801
EURO,2021-07-14,57400454,1195932
EURO,2021-07-15,57554288,1197095
EURO,2021-07-16,57722746,1198213
EURO,2021-07-17,57861915,1199272
EURO,2021-07-18,57990518,1200280
EURO,2021-07-19,58161101,1201265
EURO,2021-07-20,58327329,1202504
EURO,2021-07-21,58496973,1203685
EURO,2021-07-22,58663689,1204913
EURO,2021-07-23,58829566,1206125
EURO,2021-07-24,58964134,1207240
EURO,2021-07-25,59078919,1208351
EURO,2021-07-26,59242122,1209451
EURO,2021-07-27,59409052,1210801
EURO,2021-07-28,59580357,1212182
EURO,2021-07-29,59755629,1213388
EURO,2021-07-30,59926290,1214770
EURO,2021-07-31,60065187,1216035
EURO,2021-08-01,60188102,1217129
EURO,2021-08-02,60352303,1218383
EURO,2021-08-03,60461192,1219934
SEARO,2020-03-09,128,1
SEARO,2020-03-10,154,1
SEARO,2020-03-11,170,2
SEARO,2020-03-12,194,3
SEARO,2020-03-13,246,7
SEARO,2020-03-14,302,8
SEARO,2020-03-15,381,8
SEARO,2020-03-16,461,8
SEARO,2020-03-17,561,11
SEARO,2020-03-18,674,24
SEARO,2020-03-19,867,31
SEARO,2020-03-20,1049,39
SEARO,2020-03-21,1311,46
SEARO,2020-03-22,1635,58
SEARO,2020-03-23,1949,63
SEARO,2020-03-24,2211,73
SEARO,2020-03-25,2544,79
SEARO,2020-03-26,2839,107
SEARO,2020-03-27,3255,117
SEARO,2020-03-28,3581,138
SEARO,2020-03-29,3899,154
SEARO,2020-03-30,4401,170
SEARO,2020-03-31,4813,189
SEARO,2020-04-01,5691,237
SEARO,2020-04-02,6466,268
SEARO,2020-04-03,6802,283
SEARO,2020-04-04,7532,311
SEARO,2020-04-05,9049,353
SEARO,2020-04-06,9846,389
SEARO,2020-04-07,10712,422
SEARO,2020-04-08,11704,478
SEARO,2020-04-09,13018,569
SEARO,2020-04-10,14259,622
SEARO,2020-04-11,15559,690
SEARO,2020-04-12,16908,787
SEARO,2020-04-13,18714,847
SEARO,2020-04-14,20294,950
SEARO,2020-04-15,21695,978
SEARO,2020-04-16,23577,1061
SEARO,2020-04-17,25226,1139
SEARO,2020-04-18,27288,1199
SEARO,2020-04-19,29900,1291
SEARO,2020-04-20,31589,1342
SEARO,2020-04-21,33993,1431
SEARO,2020-04-22,36000,1497
SEARO,2020-04-23,38525,1557
SEARO,2020-04-24,40970,1662
SEARO,2020-04-25,43648,1748
SEARO,2020-04-26,46076,1833
SEARO,2020-04-27,48434,1920
SEARO,2020-04-28,51374,2002
SEARO,2020-04-29,54048,2094
SEARO,2020-04-30,56970,2182
SEARO,2020-05-01,60428,2261
SEARO,2020-05-02,63760,2397
SEARO,2020-05-03,67627,2481
SEARO,2020-05-04,72713,2681
SEARO,2020-05-05,77006,2819
SEARO,2020-05-06,81838,2938
SEARO,2020-05-07,86323,3091
SEARO,2020-05-08,90828,3207
SEARO,2020-05-09,95182,3348
SEARO,2020-05-10,100871,3487
SEARO,2020-05-11,105846,3598
SEARO,2020-05-12,110943,3746
SEARO,2020-05-13,116639,3923
SEARO,2020-05-14,122261,4050
SEARO,2020-05-15,127393,4193
SEARO,2020-05-16,132529,4337
SEARO,2020-05-17,137668,4481
SEARO,2020-05-18,142804,4625
SEARO,2020-05-19,155931,4970
SEARO,2020-05-20,163874,5139
SEARO,2020-05-21,172901,5348
SEARO,2020-05-22,181934,5562
SEARO,2020-05-23,191521,5749
SEARO,2020-05-24,200821,5954
SEARO,2020-05-25,209840,6145
SEARO,2020-05-26,217540,6371
SEARO,2020-05-27,227353,6633
SEARO,2020-05-28,237656,6849
SEARO,2020-05-29,249250,7166
SEARO,2020-05-30,260252,7452
SEARO,2020-05-31,272585,7757
SEARO,2020-06-01,283504,8009
SEARO,2020-06-02,296186,8291
SEARO,2020-06-03,309470,8623
SEARO,2020-06-04,322805,8957
SEARO,2020-06-05,336102,9323
SEARO,2020-06-06,350528,9689
SEARO,2020-06-07,365073,10042
SEARO,2020-06-08,377446,10383
SEARO,2020-06-09,392234,10746
SEARO,2020-06-10,407987,11176
SEARO,2020-06-11,423568,11648
SEARO,2020-06-12,439953,12132
SEARO,2020-06-13,456138,12530
SEARO,2020-06-14,471975,12927
SEARO,2020-06-15,486607,13424
SEARO,2020-06-16,503130,15516
SEARO,2020-06-17,521893,15946
SEARO,2020-06-18,541571,16391
SEARO,2020-06-19,561047,16836
SEARO,2020-06-20,581799,17236
SEARO,2020-06-21,601816,17738
SEARO,2020-06-22,620343,18123
SEARO,2020-06-23,641025,18670
SEARO,2020-06-24,663188,19169
SEARO,2020-06-25,686957,19658
SEARO,2020-06-26,710948,20143
SEARO,2020-06-27,736568,20629
SEARO,2020-06-28,761688,21090
SEARO,2020-06-29,785621,21604
SEARO,2020-06-30,809203,22246
SEARO,2020-07-01,834303,22784
SEARO,2020-07-02,862408,23254
SEARO,2020-07-03,890300,23790
SEARO,2020-07-04,919325,24484
SEARO,2020-07-05,947935,25043
SEARO,2020-07-06,975069,25633
SEARO,2020-07-07,1002717,26235
SEARO,2020-07-08,1033917,26823
SEARO,2020-07-09,1065948,27401
SEARO,2020-07-10,1098712,28011
SEARO,2020-07-11,1131051,28653
SEARO,2020-07-12,1164763,29271
SEARO,2020-07-13,1197537,29900
SEARO,2020-07-14,1232315,30576
SEARO,2020-07-15,1270209,31311
SEARO,2020-07-16,1310238,32107
SEARO,2020-07-17,1349687,32919
SEARO,2020-07-18,1391644,33555
SEARO,2020-07-19,1436202,34394
SEARO,2020-07-20,1477861,35136
SEARO,2020-07-21,1521942,35930
SEARO,2020-07-22,1572351,37232
SEARO,2020-07-23,1625739,38155
SEARO,2020-07-24,1679152,39041
SEARO,2020-07-25,1732209,39819
SEARO,2020-07-26,1786705,40654
SEARO,2020-07-27,1837721,41389
SEARO,2020-07-28,1892520,42264
SEARO,2020-07-29,1950432,43152
SEARO,2020-07-30,2010437,44070
SEARO,2020-07-31,2073258,44940
SEARO,2020-08-01,2132355,45876
SEARO,2020-08-02,2188018,46701
SEARO,2020-08-03,2242240,47607
SEARO,2020-08-04,2297782,48594
SEARO,2020-08-05,2359422,49612
SEARO,2020-08-06,2426899,50624
SEARO,2020-08-07,2494251,51668
SEARO,2020-08-08,2564807,52643
SEARO,2020-08-09,2631834,53757
SEARO,2020-08-10,2689927,54729
SEARO,2020-08-11,2756584,55661
SEARO,2020-08-12,2829221,56741
SEARO,2020-08-13,2898758,57860
SEARO,2020-08-14,2970138,58942
SEARO,2020-08-15,3039697,59979
SEARO,2020-08-16,3102667,61053
SEARO,2020-08-17,3162088,62031
SEARO,2020-08-18,3233179,63253
SEARO,2020-08-19,3307871,64340
SEARO,2020-08-20,3382395,65440
SEARO,2020-08-21,3457111,66527
SEARO,2020-08-22,3532294,67594
SEARO,2020-08-23,3599011,68564
SEARO,2020-08-24,3663977,69548
SEARO,2020-08-25,3736880,70766
SEARO,2020-08-26,3818870,71934
SEARO,2020-08-27,3902102,73172
SEARO,2020-08-28,3985099,74355
SEARO,2020-08-29,4070111,75435
SEARO,2020-08-30,4155692,76533
SEARO,2020-08-31,4230589,77465
SEARO,2020-09-01,4314837,78625
SEARO,2020-09-02,4404706,79809
SEARO,2020-09-03,4496139,81064
SEARO,2020-09-04,4589899,82255
SEARO,2020-09-05,4686899,83452
SEARO,2020-09-06,4784909,84587
SEARO,2020-09-07,4866178,85869
SEARO,2020-09-08,4962156,87120
SEARO,2020-09-09,5064182,88445
SEARO,2020-09-10,5168283,89826
SEARO,2020-09-11,5273300,91155
SEARO,2020-09-12,5374274,92419
SEARO,2020-09-13,5474147,93677
SEARO,2020-09-14,5562545,94904
SEARO,2020-09-15,5660762,96368
SEARO,2020-09-16,5766166,97676
SEARO,2020-09-17,5869725,99032
SEARO,2020-09-18,5970484,100406
SEARO,2020-09-19,6070673,101722
SEARO,2020-09-20,6165672,103009
SEARO,2020-09-21,6247868,104252
SEARO,2020-09-22,6335901,105515
SEARO,2020-09-23,6433408,106865
SEARO,2020-09-24,6528230,108203
SEARO,2020-09-25,6622082,109460
SEARO,2020-09-26,6718743,110741
SEARO,2020-09-27,6809116,111930
SEARO,2020-09-28,6886036,112860
SEARO,2020-09-29,6974404,114230
SEARO,2020-09-30,7069488,115613
SEARO,2020-10-01,7159855,116868
SEARO,2020-10-02,7249262,118129
SEARO,2020-10-03,7333311,119197
SEARO,2020-10-04,7416813,120266
SEARO,2020-10-05,7485365,121332
SEARO,2020-10-06,7566633,122510
SEARO,2020-10-07,7656597,123660
SEARO,2020-10-08,7739208,124825
SEARO,2020-10-09,7821409,125876
SEARO,2020-10-10,7908771,126954
SEARO,2020-10-11,7986360,127941
SEARO,2020-10-12,8050681,128800
SEARO,2020-10-13,8124786,129684
SEARO,2020-10-14,8202325,130574
SEARO,2020-10-15,8273617,131586
SEARO,2020-10-16,8350329,132623
SEARO,2020-10-17,8422640,133814
SEARO,2020-10-18,8487257,134528
SEARO,2020-10-19,8543875,135313
SEARO,2020-10-20,8608358,136202
SEARO,2020-10-21,8677328,137105
SEARO,2020-10-22,8743250,137969
SEARO,2020-10-23,8810000,138807
SEARO,2020-10-24,8869438,139571
SEARO,2020-10-25,8923921,140186
SEARO,2020-10-26,8969162,140860
SEARO,2020-10-27,9019514,141542
SEARO,2020-10-28,9078683,142210
SEARO,2020-10-29,9137521,142936
SEARO,2020-10-30,9195424,143622
SEARO,2020-10-31,9250582,144232
SEARO,2020-11-01,9305254,144862
SEARO,2020-11-02,9351654,145533
SEARO,2020-11-03,9407110,146210
SEARO,2020-11-04,9467371,147102
SEARO,2020-11-05,9525406,147928
SEARO,2020-11-06,9585090,148658
SEARO,2020-11-07,9641386,149367
SEARO,2020-11-08,9697789,149996
SEARO,2020-11-09,9743087,150583
SEARO,2020-11-10,9797706,151235
SEARO,2020-11-11,9855942,151928
SEARO,2020-11-12,9909283,152605
SEARO,2020-11-13,9965593,153311
SEARO,2020-11-14,10017717,153917
SEARO,2020-11-15,10057603,154473
SEARO,2020-11-16,10094516,155054
SEARO,2020-11-17,10141763,155721
SEARO,2020-11-18,10196971,156479
SEARO,2020-11-19,10254493,157237
SEARO,2020-11-20,10311862,157936
SEARO,2020-11-21,10367643,158602
SEARO,2020-11-22,10421976,159298
SEARO,2020-11-23,10469902,159967
SEARO,2020-11-24,10524719,160647
SEARO,2020-11-25,10580936,161374
SEARO,2020-11-26,10634062,162073
SEARO,2020-11-27,10686367,162768
SEARO,2020-11-28,10738435,163487
SEARO,2020-11-29,10791057,164220
SEARO,2020-11-30,10832656,164921
SEARO,2020-12-01,10874531,165576
SEARO,2020-12-02,10925199,166336
SEARO,2020-12-03,10970417,167020
SEARO,2020-12-04,11024888,167827
SEARO,2020-12-05,11072871,168514
SEARO,2020-12-06,11115896,169119
SEARO,2020-12-07,11153988,169730
SEARO,2020-12-08,11197093,170341
SEARO,2020-12-09,11234890,170912
SEARO,2020-12-10,11280581,171642
SEARO,2020-12-11,11321026,172263
SEARO,2020-12-12,11359967,172856
SEARO,2020-12-13,11400669,173490
SEARO,2020-12-14,11432444,174061
SEARO,2020-12-15,11469621,174681
SEARO,2020-12-16,11502445,175245
SEARO,2020-12-17,11536574,175805
SEARO,2020-12-18,11574248,176338
SEARO,2020-12-19,11612484,176894
SEARO,2020-12-20,11647935,177518
SEARO,2020-12-21,11677798,178086
SEARO,2020-12-22,11711920,178635
SEARO,2020-12-23,11747352,179147
SEARO,2020-12-24,11781966,179728
SEARO,2020-12-25,11814783,180286
SEARO,2020-12-26,11842943,180774
SEARO,2020-12-27,11872764,181354
SEARO,2020-12-28,11897685,181873
SEARO,2020-12-29,11929227,182463
SEARO,2020-12-30,11962531,183068
SEARO,2020-12-31,11992914,183566
SEARO,2021-01-01,12020796,183990
SEARO,2021-01-02,12051680,184529
SEARO,2021-01-03,12077961,184975
SEARO,2021-01-04,12104155,185404
SEARO,2021-01-05,12132718,185919
SEARO,2021-01-06,12164959,186372
SEARO,2021-01-07,12195269,186881
SEARO,2021-01-08,12227203,187385
SEARO,2021-01-09,12258494,187835
SEARO,2021-01-10,12286943,188217
SEARO,2021-01-11,12310882,188652
SEARO,2021-01-12,12338500,189177
SEARO,2021-01-13,12370310,189745
SEARO,2021-01-14,12400451,190274
SEARO,2021-01-15,12429472,190688
SEARO,2021-01-16,12462277,191232
SEARO,2021-01-17,12490396,191647
SEARO,2021-01-18,12511738,192125
SEARO,2021-01-19,12538088,192624
SEARO,2021-01-20,12568842,193080
SEARO,2021-01-21,12596693,193612
SEARO,2021-01-22,12627957,194072
SEARO,2021-01-23,12657205,194485
SEARO,2021-01-24,12684286,194829
SEARO,2021-01-25,12705992,195287
SEARO,2021-01-26,12733732,195761
SEARO,2021-01-27,12761231,196329
SEARO,2021-01-28,12796344,197260
SEARO,2021-01-29,12819711,197254
SEARO,2021-01-30,12856582,197743
SEARO,2021-01-31,12877617,198138
SEARO,2021-02-01,12904898,198548
SEARO,2021-02-02,12928884,198995
SEARO,2021-02-03,12956353,199322
SEARO,2021-02-04,12982896,199707
SEARO,2021-02-05,13008135,200016
SEARO,2021-02-06,13034367,200299
SEARO,2021-02-07,13058414,200572
SEARO,2021-02-08,13077279,200898
SEARO,2021-02-09,13098512,201218
SEARO,2021-02-10,13121405,201540
SEARO,2021-02-11,13141454,201865
SEARO,2021-02-12,13165289,202260
SEARO,2021-02-13,13187843,202640
SEARO,2021-02-14,13207570,202993
SEARO,2021-02-15,13224716,203277
SEARO,2021-02-16,13248123,203640
SEARO,2021-02-17,13271888,203950
SEARO,2021-02-18,13294754,204231
SEARO,2021-02-19,13321354,204556
SEARO,2021-02-20,13344652,204831
SEARO,2021-02-21,13367143,205092
SEARO,2021-02-22,13389650,205397
SEARO,2021-02-23,13414119,205845
SEARO,2021-02-24,13439990,206857
SEARO,2021-02-25,13466359,207249
SEARO,2021-02-26,13491938,207723
SEARO,2021-02-27,13516646,208049
SEARO,2021-02-28,13538763,208352
SEARO,2021-03-01,13557775,208596
SEARO,2021-03-02,13580981,208932
SEARO,2021-03-03,13606471,209229
SEARO,2021-03-04,13631901,209533
SEARO,2021-03-05,13657264,210009
SEARO,2021-03-06,13683845,210249
SEARO,2021-03-07,13709867,210475
SEARO,2021-03-08,13733599,210852
SEARO,2021-03-09,13758318,211198
SEARO,2021-03-10,13788422,211514
SEARO,2021-03-11,13816821,211759
SEARO,2021-03-12,13852472,212115
SEARO,2021-03-13,13883814,212390
SEARO,2021-03-14,13916856,212627
SEARO,2021-03-15,13949173,212936
SEARO,2021-03-16,13985836,213330
SEARO,2021-03-17,14030660,213676
SEARO,2021-03-18,14080336,214081
SEARO,2021-03-19,14130330,214495
SEARO,2021-03-20,14182126,214825
SEARO,2021-03-21,14236610,215166
SEARO,2021-03-22,14286503,215563
SEARO,2021-03-23,14343620,216014
SEARO,2021-03-24,14406489,216407
SEARO,2021-03-25,14475947,216798
SEARO,2021-03-26,14547748,217216
SEARO,2021-03-27,14619189,217770
SEARO,2021-03-28,14695861,218187
SEARO,2021-03-29,14762821,218637
SEARO,2021-03-30,14826212,219213
SEARO,2021-03-31,14910544,219830
SEARO,2021-04-01,15005369,220557
SEARO,2021-04-02,15107197,221417
SEARO,2021-04-03,15210757,222086
SEARO,2021-04-04,15328931,223049
SEARO,2021-04-05,15437085,223696
SEARO,2021-04-06,15564903,224561
SEARO,2021-04-07,15704709,225399
SEARO,2021-04-08,15850169,226441
SEARO,2021-04-09,16009120,227401
SEARO,2021-04-10,16173454,228415
SEARO,2021-04-11,16354957,229488
SEARO,2021-04-12,16529646,230590
SEARO,2021-04-13,16728367,231821
SEARO,2021-04-14,16940916,233081
SEARO,2021-04-15,17170538,234536
SEARO,2021-04-16,17417070,236110
SEARO,2021-04-17,17689025,237846
SEARO,2021-04-18,17976120,239683
SEARO,2021-04-19,18245460,241708
SEARO,2021-04-20,18553586,244045
SEARO,2021-04-21,18883917,246494
SEARO,2021-04-22,19231589,249030
SEARO,2021-04-23,19591464,251922
SEARO,2021-04-24,19954590,254945
SEARO,2021-04-25,20323279,257990
SEARO,2021-04-26,20658845,261053
SEARO,2021-04-27,21037618,264618
SEARO,2021-04-28,21434121,268568
SEARO,2021-04-29,21837758,272421
SEARO,2021-04-30,22257082,276241
SEARO,2021-05-01,22665369,280180
SEARO,2021-05-02,23052837,283865
SEARO,2021-05-03,23427163,287598
SEARO,2021-05-04,23828163,291728
SEARO,2021-05-05,24261356,296057
SEARO,2021-05-06,24696838,300254
SEARO,2021-05-07,25120073,304745
SEARO,2021-05-08,25550169,309216
SEARO,2021-05-09,25936765,313297
SEARO,2021-05-10,26287308,317599
SEARO,2021-05-11,26657536,322384
SEARO,2021-05-12,27039616,326905
SEARO,2021-05-13,27401172,331188
SEARO,2021-05-14,27750821,335607
SEARO,2021-05-15,28079250,340087
SEARO,2021-05-16,28377379,344504
SEARO,2021-05-17,28668312,349353
SEARO,2021-05-18,28955758,354368
SEARO,2021-05-19,29254991,358799
SEARO,2021-05-20,29538226,363479
SEARO,2021-05-21,29817139,368087
SEARO,2021-05-22,30083981,372245
SEARO,2021-05-23,30329112,377114
SEARO,2021-05-24,30546132,381021
SEARO,2021-05-25,30777832,385664
SEARO,2021-05-26,31009216,389886
SEARO,2021-05-27,31209531,393759
SEARO,2021-05-28,31404388,397746
SEARO,2021-05-29,31599365,401713
SEARO,2021-05-30,31772477,405230
SEARO,2021-05-31,31919995,408358
SEARO,2021-06-01,32071273,411907
SEARO,2021-06-02,32224814,415249
SEARO,2021-06-03,32377130,418333
SEARO,2021-06-04,32518284,422134
SEARO,2021-06-05,32650760,425113
SEARO,2021-06-06,32769250,427938
SEARO,2021-06-07,32874700,430496
SEARO,2021-06-08,32984295,433081
SEARO,2021-06-09,33097986,439604
SEARO,2021-06-10,33208833,443429
SEARO,2021-06-11,33312326,447863
SEARO,2021-06-12,33396156,451291
SEARO,2021-06-13,33498567,455680
SEARO,2021-06-14,33581858,458948
SEARO,2021-06-15,33662677,461820
SEARO,2021-06-16,33751755,464557
SEARO,2021-06-17,33838555,466616
SEARO,2021-06-18,33924095,468781
SEARO,2021-06-19,34007111,470798
SEARO,2021-06-20,34085363,472798
SEARO,2021-06-21,34151390,474404
SEARO,2021-06-22,34234995,476317
SEARO,2021-06-23,34318168,478298
SEARO,2021-06-24,34404762,480165
SEARO,2021-06-25,34486928,482009
SEARO,2021-06-26,34570405,483833
SEARO,2021-06-27,34651991,485464
SEARO,2021-06-28,34728291,486974
SEARO,2021-06-29,34811410,488516
SEARO,2021-06-30,34901699,490249
SEARO,2021-07-01,34989732,491842
SEARO,2021-07-02,35082705,493459
SEARO,2021-07-03,35171185,495147
SEARO,2021-07-04,35258532,496749
SEARO,2021-07-05,35344283,498171
SEARO,2021-07-06,35442820,500161
SEARO,2021-07-07,35547557,502393
SEARO,2021-07-08,35646388,504112
SEARO,2021-07-09,35760703,506999
SEARO,2021-07-10,35866404,509167
SEARO,2021-07-11,35967982,511348
SEARO,2021-07-12,36066711,513172
SEARO,2021-07-13,36186388,516609
SEARO,2021-07-14,36315355,518677
SEARO,2021-07-15,36440314,520776
SEARO,2021-07-16,36564177,523072
SEARO,2021-07-17,36684245,525311
SEARO,2021-07-18,36798436,527531
SEARO,2021-07-19,36895686,529914
SEARO,2021-07-20,37008877,535827
SEARO,2021-07-21,37114752,538326
SEARO,2021-07-22,37226878,540915
SEARO,2021-07-23,37345309,543684
SEARO,2021-07-24,37462395,546326
SEARO,2021-07-25,37574251,548778
SEARO,2021-07-26,37671967,551483
SEARO,2021-07-27,37798881,554978
SEARO,2021-07-28,37932912,558274
SEARO,2021-07-29,38064359,561544
SEARO,2021-07-30,38188401,564704
SEARO,2021-07-31,38305244,567921
SEARO,2021-08-01,38417821,570795
SEARO,2021-08-02,38512711,573623
SEARO,2021-08-03,38598329,576178
WPRO,2020-03-09,89350,3190
WPRO,2020-03-10,89532,3212
WPRO,2020-03-11,89929,3242
WPRO,2020-03-12,90174,3263
WPRO,2020-03-13,90446,3280
WPRO,2020-03-14,90839,3299
WPRO,2020-03-15,91298,3320
WPRO,2020-03-16,91676,3350
WPRO,2020-03-17,92095,3360
WPRO,2020-03-18,92589,3380
WPRO,2020-03-19,93237,3400
WPRO,2020-03-20,93820,3409
WPRO,2020-03-21,94628,3435
WPRO,2020-03-22,95485,3452
WPRO,2020-03-23,96606,3486
WPRO,2020-03-24,97651,3508
WPRO,2020-03-25,98692,3529
WPRO,2020-03-26,99779,3554
WPRO,2020-03-27,100648,3581
WPRO,2020-03-28,102189,3609
WPRO,2020-03-29,103761,3641
WPRO,2020-03-30,104543,3664
WPRO,2020-03-31,106050,3688
WPRO,2020-04-01,107476,3712
WPRO,2020-04-02,108714,3749
WPRO,2020-04-03,109897,3792
WPRO,2020-04-04,111044,3828
WPRO,2020-04-05,111935,3856
WPRO,2020-04-06,113404,3885
WPRO,2020-04-07,114299,3921
WPRO,2020-04-08,115322,3940
WPRO,2020-04-09,116586,3972
WPRO,2020-04-10,118105,4008
WPRO,2020-04-11,119376,4048
WPRO,2020-04-12,120900,4116
WPRO,2020-04-13,122788,4179
WPRO,2020-04-14,123801,4214
WPRO,2020-04-15,125165,4238
WPRO,2020-04-16,126849,4288
WPRO,2020-04-17,129363,5623
WPRO,2020-04-18,131201,5674
WPRO,2020-04-19,132639,5705
WPRO,2020-04-20,134353,5726
WPRO,2020-04-21,136053,5767
WPRO,2020-04-22,137665,5801
WPRO,2020-04-23,139521,5842
WPRO,2020-04-24,141164,5892
WPRO,2020-04-25,142447,5930
WPRO,2020-04-26,144155,5957
WPRO,2020-04-27,145418,5985
WPRO,2020-04-28,146373,6024
WPRO,2020-04-29,147574,6064
WPRO,2020-04-30,148804,6116
WPRO,2020-05-01,150129,6132
WPRO,2020-05-02,151087,6185
WPRO,2020-05-03,152463,6213
WPRO,2020-05-04,153702,6244
WPRO,2020-05-05,154794,6311
WPRO,2020-05-06,156156,6358
WPRO,2020-05-07,157551,6407
WPRO,2020-05-08,158638,6431
WPRO,2020-05-09,159716,6457
WPRO,2020-05-10,160908,6472
WPRO,2020-05-11,161932,6499
WPRO,2020-05-12,163175,6535
WPRO,2020-05-13,164328,6584
WPRO,2020-05-14,165652,6644
WPRO,2020-05-15,166374,6662
WPRO,2020-05-16,167098,6681
WPRO,2020-05-17,167827,6700
WPRO,2020-05-18,168551,6719
WPRO,2020-05-19,170019,6752
WPRO,2020-05-20,171009,6776
WPRO,2020-05-21,171764,6785
WPRO,2020-05-22,172789,6823
WPRO,2020-05-23,173722,6844
WPRO,2020-05-24,174634,6861
WPRO,2020-05-25,175497,6877
WPRO,2020-05-26,176501,6908
WPRO,2020-05-27,177512,6940
WPRO,2020-05-28,178572,6967
WPRO,2020-05-29,180481,6995
WPRO,2020-05-30,181752,7015
WPRO,2020-05-31,183277,7028
WPRO,2020-06-01,184379,7034
WPRO,2020-06-02,185414,7042
WPRO,2020-06-03,186939,7057
WPRO,2020-06-04,188456,7070
WPRO,2020-06-05,189090,7078
WPRO,2020-06-06,190288,7094
WPRO,2020-06-07,191353,7105
WPRO,2020-06-08,192410,7113
WPRO,2020-06-09,193233,7120
WPRO,2020-06-10,194529,7136
WPRO,2020-06-11,195531,7146
WPRO,2020-06-12,196752,7166
WPRO,2020-06-13,197870,7192
WPRO,2020-06-14,198981,7208
WPRO,2020-06-15,199904,7218
WPRO,2020-06-16,200600,7227
WPRO,2020-06-17,201474,7237
WPRO,2020-06-18,202472,7250
WPRO,2020-06-19,203464,7264
WPRO,2020-06-20,204827,7302
WPRO,2020-06-21,205928,7322
WPRO,2020-06-22,206931,7330
WPRO,2020-06-23,208355,7343
WPRO,2020-06-24,209177,7370
WPRO,2020-06-25,210257,7386
WPRO,2020-06-26,211672,7399
WPRO,2020-06-27,212935,7413
WPRO,2020-06-28,214045,7421
WPRO,2020-06-29,215461,7433
WPRO,2020-06-30,217035,7444
WPRO,2020-07-01,218543,7450
WPRO,2020-07-02,219329,7455
WPRO,2020-07-03,221556,7462
WPRO,2020-07-04,223643,7474
WPRO,2020-07-05,226617,7481
WPRO,2020-07-06,229357,7490
WPRO,2020-07-07,231510,7498
WPRO,2020-07-08,234578,7505
WPRO,2020-07-09,236577,7508
WPRO,2020-07-10,238685,7556
WPRO,2020-07-11,240842,7570
WPRO,2020-07-12,241759,7572
WPRO,2020-07-13,245544,7800
WPRO,2020-07-14,247164,7805
WPRO,2020-07-15,249340,7823
WPRO,2020-07-16,252844,7857
WPRO,2020-07-17,256074,7880
WPRO,2020-07-18,259605,7997
WPRO,2020-07-19,263063,8061
WPRO,2020-07-20,265495,8067
WPRO,2020-07-21,268940,8078
WPRO,2020-07-22,272008,8087
WPRO,2020-07-23,275830,8122
WPRO,2020-07-24,279600,8140
WPRO,2020-07-25,283601,8167
WPRO,2020-07-26,287440,8216
WPRO,2020-07-27,290893,8240
WPRO,2020-07-28,294489,8252
WPRO,2020-07-29,298151,8281
WPRO,2020-07-30,304482,8320
WPRO,2020-07-31,311170,8377
WPRO,2020-08-01,318483,8409
WPRO,2020-08-02,325505,8440
WPRO,2020-08-03,331452,8503
WPRO,2020-08-04,339766,8534
WPRO,2020-08-05,346303,8566
WPRO,2020-08-06,351895,8611
WPRO,2020-08-07,357604,8648
WPRO,2020-08-08,364101,8709
WPRO,2020-08-09,369236,8794
WPRO,2020-08-10,377845,8852
WPRO,2020-08-11,382248,8896
WPRO,2020-08-12,388448,9022
WPRO,2020-08-13,393731,9063
WPRO,2020-08-14,401623,9106
WPRO,2020-08-15,407931,9282
WPRO,2020-08-16,413216,9369
WPRO,2020-08-17,418069,9421
WPRO,2020-08-18,424529,9464
WPRO,2020-08-19,430636,9598
WPRO,2020-08-20,436496,9718
WPRO,2020-08-21,442743,9799
WPRO,2020-08-22,449370,9854
WPRO,2020-08-23,453522,9912
WPRO,2020-08-24,459401,9944
WPRO,2020-08-25,463526,9996
WPRO,2020-08-26,470056,10137
WPRO,2020-08-27,474806,10280
WPRO,2020-08-28,480407,10401
WPRO,2020-08-29,485371,10538
WPRO,2020-08-30,491002,10664
WPRO,2020-08-31,495437,10763
WPRO,2020-09-01,499902,10826
WPRO,2020-09-02,503159,10873
WPRO,2020-09-03,506125,10971
WPRO,2020-09-04,510860,11093
WPRO,2020-09-05,514350,11179
WPRO,2020-09-06,518010,11278
WPRO,2020-09-07,520091,11314
WPRO,2020-09-08,524178,11368
WPRO,2020-09-09,528214,11468
WPRO,2020-09-10,532914,11570
WPRO,2020-09-11,538236,11633
WPRO,2020-09-12,544078,11840
WPRO,2020-09-13,548403,11946
WPRO,2020-09-14,553770,12220
WPRO,2020-09-15,557961,12267
WPRO,2020-09-16,562247,12355
WPRO,2020-09-17,566420,12433
WPRO,2020-09-18,570459,12499
WPRO,2020-09-19,575283,12621
WPRO,2020-09-20,579417,12691
WPRO,2020-09-21,583538,12710
WPRO,2020-09-22,585777,12774
WPRO,2020-09-23,589233,12828
WPRO,2020-09-24,591986,12883
WPRO,2020-09-25,595425,12976
WPRO,2020-09-26,598077,13077
WPRO,2020-09-27,601994,13147
WPRO,2020-09-28,605718,13195
WPRO,2020-09-29,608458,13280
WPRO,2020-09-30,611644,13355
WPRO,2020-10-01,615120,13424
WPRO,2020-10-02,618767,13488
WPRO,2020-10-03,622508,13571
WPRO,2020-10-04,626656,13678
WPRO,2020-10-05,630147,13746
WPRO,2020-10-06,633356,13779
WPRO,2020-10-07,637302,13847
WPRO,2020-10-08,640723,14007
WPRO,2020-10-09,644724,14100
WPRO,2020-10-10,648304,14199
WPRO,2020-10-11,652085,14290
WPRO,2020-10-12,657226,14308
WPRO,2020-10-13,660273,14359
WPRO,2020-10-14,663698,14455
WPRO,2020-10-15,667175,14515
WPRO,2020-10-16,671681,14561
WPRO,2020-10-17,676120,14651
WPRO,2020-10-18,680002,14717
WPRO,2020-10-19,684767,14750
WPRO,2020-10-20,687715,14773
WPRO,2020-10-21,690538,14842
WPRO,2020-10-22,694422,14895
WPRO,2020-10-23,698507,15049
WPRO,2020-10-24,702626,15089
WPRO,2020-10-25,706468,15145
WPRO,2020-10-26,710660,15227
WPRO,2020-10-27,713569,15253
WPRO,2020-10-28,717196,15330
WPRO,2020-10-29,721375,15370
WPRO,2020-10-30,725116,15423
WPRO,2020-10-31,728542,15471
WPRO,2020-11-01,732806,15501
WPRO,2020-11-02,738139,15553
WPRO,2020-11-03,741592,15624
WPRO,2020-11-04,744691,15690
WPRO,2020-11-05,748753,15748
WPRO,2020-11-06,754460,15816
WPRO,2020-11-07,759057,15847
WPRO,2020-11-08,763722,15909
WPRO,2020-11-09,768629,16043
WPRO,2020-11-10,772161,16083
WPRO,2020-11-11,776416,16148
WPRO,2020-11-12,780702,16170
WPRO,2020-11-13,785949,16220
WPRO,2020-11-14,790625,16278
WPRO,2020-11-15,795325,16326
WPRO,2020-11-16,800312,16343
WPRO,2020-11-17,804383,16394
WPRO,2020-11-18,808541,16506
WPRO,2020-11-19,813976,16562
WPRO,2020-11-20,819494,16617
WPRO,2020-11-21,825219,16697
WPRO,2020-11-22,831301,16756
WPRO,2020-11-23,837884,16824
WPRO,2020-11-24,843519,16851
WPRO,2020-11-25,847954,16900
WPRO,2020-11-26,852976,16955
WPRO,2020-11-27,858880,17001
WPRO,2020-11-28,865284,17113
WPRO,2020-11-29,871872,17190
WPRO,2020-11-30,877781,17231
WPRO,2020-12-01,883074,17280
WPRO,2020-12-02,887913,17335
WPRO,2020-12-03,893517,17402
WPRO,2020-12-04,899001,17502
WPRO,2020-12-05,905048,17570
WPRO,2020-12-06,911362,17637
WPRO,2020-12-07,917268,17681
WPRO,2020-12-08,922521,17840
WPRO,2020-12-09,927676,17899
WPRO,2020-12-10,934961,17981
WPRO,2020-12-11,942185,18041
WPRO,2020-12-12,949237,18109
WPRO,2020-12-13,955697,18148
WPRO,2020-12-14,961747,18213
WPRO,2020-12-15,967995,18348
WPRO,2020-12-16,973927,18434
WPRO,2020-12-17,981010,18531
WPRO,2020-12-18,989052,18614
WPRO,2020-12-19,995893,18714
WPRO,2020-12-20,1003101,18814
WPRO,2020-12-21,1010751,18881
WPRO,2020-12-22,1017279,19016
WPRO,2020-12-23,1023604,19116
WPRO,2020-12-24,1031113,19201
WPRO,2020-12-25,1039530,19285
WPRO,2020-12-26,1048093,19362
WPRO,2020-12-27,1055076,19478
WPRO,2020-12-28,1061458,19555
WPRO,2020-12-29,1068344,19694
WPRO,2020-12-30,1076011,19835
WPRO,2020-12-31,1084990,19945
WPRO,2021-01-01,1094151,20015
WPRO,2021-01-02,1102153,20110
WPRO,2021-01-03,1108529,20179
WPRO,2021-01-04,1115317,20263
WPRO,2021-01-05,1123314,20421
WPRO,2021-01-06,1132397,20536
WPRO,2021-01-07,1143921,20644
WPRO,2021-01-08,1156207,20771
WPRO,2021-01-09,1169262,20906
WPRO,2021-01-10,1182085,21012
WPRO,2021-01-11,1192999,21091
WPRO,2021-01-12,1204109,21311
WPRO,2021-01-13,1214506,21532
WPRO,2021-01-14,1225918,21686
WPRO,2021-01-15,1238652,21937
WPRO,2021-01-16,1252314,22038
WPRO,2021-01-17,1264686,22135
WPRO,2021-01-18,1276805,22224
WPRO,2021-01-19,1288498,22375
WPRO,2021-01-20,1300491,22568
WPRO,2021-01-21,1311573,22767
WPRO,2021-01-22,1323889,22906
WPRO,2021-01-23,1335667,23081
WPRO,2021-01-24,1346170,23241
WPRO,2021-01-25,1355461,23379
WPRO,2021-01-26,1364159,23573
WPRO,2021-01-27,1374405,23781
WPRO,2021-01-28,1384306,23981
WPRO,2021-01-29,1396547,24149
WPRO,2021-01-30,1408722,24342
WPRO,2021-01-31,1420404,24553
WPRO,2021-02-01,1429551,24695
WPRO,2021-02-02,1437208,24867
WPRO,2021-02-03,1445582,25079
WPRO,2021-02-04,1454990,25269
WPRO,2021-02-05,1463454,25475
WPRO,2021-02-06,1472070,25652
WPRO,2021-02-07,1480170,25838
WPRO,2021-02-08,1486984,25974
WPRO,2021-02-09,1493220,26145
WPRO,2021-02-10,1499870,26350
WPRO,2021-02-11,1507431,26564
WPRO,2021-02-12,1515049,26715
WPRO,2021-02-13,1522409,26815
WPRO,2021-02-14,1528570,26901
WPRO,2021-02-15,1534222,26958
WPRO,2021-02-16,1540879,27047
WPRO,2021-02-17,1547058,27214
WPRO,2021-02-18,1553670,27437
WPRO,2021-02-19,1560754,27691
WPRO,2021-02-20,1567363,28000
WPRO,2021-02-21,1574283,28113
WPRO,2021-02-22,1580425,28188
WPRO,2021-02-23,1585684,28281
WPRO,2021-02-24,1592398,28375
WPRO,2021-02-25,1598230,28528
WPRO,2021-02-26,1604699,28665
WPRO,2021-02-27,1611632,28812
WPRO,2021-02-28,1617874,28912
WPRO,2021-03-01,1623321,28953
WPRO,2021-03-02,1628195,29054
WPRO,2021-03-03,1633159,29138
WPRO,2021-03-04,1639442,29234
WPRO,2021-03-05,1646497,29336
WPRO,2021-03-06,1653285,29451
WPRO,2021-03-07,1659986,29556
WPRO,2021-03-08,1666569,29605
WPRO,2021-03-09,1671797,29670
WPRO,2021-03-10,1677958,29755
WPRO,2021-03-11,1685354,29882
WPRO,2021-03-12,1693580,30030
WPRO,2021-03-13,1702120,30169
WPRO,2021-03-14,1710609,30289
WPRO,2021-03-15,1719026,30341
WPRO,2021-03-16,1725975,30392
WPRO,2021-03-17,1733419,30476
WPRO,2021-03-18,1742223,30546
WPRO,2021-03-19,1753327,30610
WPRO,2021-03-20,1765575,30681
WPRO,2021-03-21,1776852,30748
WPRO,2021-03-22,1788135,30781
WPRO,2021-03-23,1797380,30843
WPRO,2021-03-24,1807679,30945
WPRO,2021-03-25,1820473,31035
WPRO,2021-03-26,1835133,31130
WPRO,2021-03-27,1849052,31179
WPRO,2021-03-28,1863236,31236
WPRO,2021-03-29,1877190,31296
WPRO,2021-03-30,1890543,31341
WPRO,2021-03-31,1901472,31489
WPRO,2021-04-01,1915422,31557
WPRO,2021-04-02,1936269,31608
WPRO,2021-04-03,1954283,31748
WPRO,2021-04-04,1971022,31766
WPRO,2021-04-05,1984120,31800
WPRO,2021-04-06,1998850,32217
WPRO,2021-04-07,2010072,32502
WPRO,2021-04-08,2025532,32593
WPRO,2021-04-09,2044968,33041
WPRO,2021-04-10,2065145,33296
WPRO,2021-04-11,2083911,33543
WPRO,2021-04-12,2101304,33776
WPRO,2021-04-13,2116044,33961
WPRO,2021-04-14,2131776,34189
WPRO,2021-04-15,2151348,34397
WPRO,2021-04-16,2171363,34591
WPRO,2021-04-17,2191443,34723
WPRO,2021-04-18,2211448,34936
WPRO,2021-04-19,2229481,35062
WPRO,2021-04-20,2245058,35197
WPRO,2021-04-21,2263454,35393
WPRO,2021-04-22,2282607,35571
WPRO,2021-04-23,2302522,35787
WPRO,2021-04-24,2322977,36017
WPRO,2021-04-25,2341706,36203
WPRO,2021-04-26,2360442,36359
WPRO,2021-04-27,2376818,36481
WPRO,2021-04-28,2394271,36680
WPRO,2021-04-29,2414158,36873
WPRO,2021-04-30,2435412,37076
WPRO,2021-05-01,2454905,37267
WPRO,2021-05-02,2475078,37434
WPRO,2021-05-03,2492881,37617
WPRO,2021-05-04,2509078,37816
WPRO,2021-05-05,2525836,38075
WPRO,2021-05-06,2542530,38353
WPRO,2021-05-07,2561578,38575
WPRO,2021-05-08,2580828,38895
WPRO,2021-05-09,2600323,39263
WPRO,2021-05-10,2620268,39438
WPRO,2021-05-11,2636390,39601
WPRO,2021-05-12,2654595,39881
WPRO,2021-05-13,2674520,40136
WPRO,2021-05-14,2695050,40421
WPRO,2021-05-15,2714271,40677
WPRO,2021-05-16,2731983,40960
WPRO,2021-05-17,2749721,41136
WPRO,2021-05-18,2765938,41388
WPRO,2021-05-19,2783802,41849
WPRO,2021-05-20,2805005,42167
WPRO,2021-05-21,2825843,42459
WPRO,2021-05-22,2847128,42810
WPRO,2021-05-23,2862818,42973
WPRO,2021-05-24,2881693,43163
WPRO,2021-05-25,2898794,43361
WPRO,2021-05-26,2918426,43699
WPRO,2021-05-27,2940036,44099
WPRO,2021-05-28,2963939,44490
WPRO,2021-05-29,2987532,44887
WPRO,2021-05-30,3008078,45232
WPRO,2021-05-31,3027161,45478
WPRO,2021-06-01,3044202,45707
WPRO,2021-06-02,3063071,46099
WPRO,2021-06-03,3085192,46534
WPRO,2021-06-04,3106810,46962
WPRO,2021-06-05,3127411,47411
WPRO,2021-06-06,3146772,47790
WPRO,2021-06-07,3163502,48026
WPRO,2021-06-08,3178305,48311
WPRO,2021-06-09,3195290,48654
WPRO,2021-06-10,3213698,48998
WPRO,2021-06-11,3232773,49390
WPRO,2021-06-12,3252111,49727
WPRO,2021-06-13,3270504,50043
WPRO,2021-06-14,3287015,50233
WPRO,2021-06-15,3302955,50546
WPRO,2021-06-16,3319374,50873
WPRO,2021-06-17,3337871,51215
WPRO,2021-06-18,3357605,51499
WPRO,2021-06-19,3376330,51832
WPRO,2021-06-20,3393240,52055
WPRO,2021-06-21,3408432,52324
WPRO,2021-06-22,3421636,52532
WPRO,2021-06-23,3436777,52829
WPRO,2021-06-24,3454833,53121
WPRO,2021-06-25,3473379,53401
WPRO,2021-06-26,3492738,53646
WPRO,2021-06-27,3510588,53906
WPRO,2021-06-28,3526924,54098
WPRO,2021-06-29,3542753,54394
WPRO,2021-06-30,3559551,54644
WPRO,2021-07-01,3580016,54965
WPRO,2021-07-02,3600210,55303
WPRO,2021-07-03,3620193,55588
WPRO,2021-07-04,3639243,55795
WPRO,2021-07-05,3657880,55972
WPRO,2021-07-06,3675879,56269
WPRO,2021-07-07,3695039,56590
WPRO,2021-07-08,3716680,56979
WPRO,2021-07-09,3742282,57206
WPRO,2021-07-10,3766243,57455
WPRO,2021-07-11,3790468,57720
WPRO,2021-07-12,3813175,57962
WPRO,2021-07-13,3835886,58223
WPRO,2021-07-14,3861178,58554
WPRO,2021-07-15,3891753,58891
WPRO,2021-07-16,3922270,59257
WPRO,2021-07-17,3953127,59575
WPRO,2021-07-18,3984194,59945
WPRO,2021-07-19,4012574,60287
WPRO,2021-07-20,4041982,60498
WPRO,2021-07-21,4075240,60833
WPRO,2021-07-22,4110836,61050
WPRO,2021-07-23,4147237,61261
WPRO,2021-07-24,4190970,61738
WPRO,2021-07-25,4226023,61979
WPRO,2021-07-26,4269262,62420
WPRO,2021-07-27,4309959,62751
WPRO,2021-07-28,4351316,63137
WPRO,2021-07-29,4396979,63758
WPRO,2021-07-30,4447165,64391
WPRO,2021-07-31,4498366,64921
WPRO,2021-08-01,4549399,65252
WPRO,2021-08-02,4595408,65983
WPRO,2021-08-03,4636887,66470
